  0
SECTION
  2
HEADER
  9
$ACADVER
  1
AC1027
  9
$ACADMAINTVER
 70
   105
  9
$DWGCODEPAGE
  3
ANSI_949
  9
$REQUIREDVERSIONS
160
                 0
  9
$LASTSAVEDBY
  1
nstec
  9
$INSBASE
 10
0.0
 20
0.0
 30
0.0
  9
$EXTMIN
 10
-0.038442
 20
0.570631
 30
0.0
  9
$EXTMAX
 10
840.038458
 20
593.617936
 30
0.0
  9
$LIMMIN
 10
0.0
 20
0.0
  9
$LIMMAX
 10
420.0
 20
297.0
  9
$ORTHOMODE
 70
     1
  9
$REGENMODE
 70
     1
  9
$FILLMODE
 70
     1
  9
$QTEXTMODE
 70
     0
  9
$MIRRTEXT
 70
     1
  9
$LTSCALE
 40
1.0
  9
$ATTMODE
 70
     1
  9
$TEXTSIZE
 40
18.26911
  9
$TRACEWID
 40
1.0
  9
$TEXTSTYLE
  7
STANDARD
  9
$CLAYER
  8
0
  9
$CELTYPE
  6
BYLAYER
  9
$CECOLOR
 62
   256
  9
$CELTSCALE
 40
1.0
  9
$DISPSILH
 70
     0
  9
$DIMSCALE
 40
5.0
  9
$DIMASZ
 40
2.5
  9
$DIMEXO
 40
0.625
  9
$DIMDLI
 40
3.75
  9
$DIMRND
 40
0.0
  9
$DIMDLE
 40
0.0
  9
$DIMEXE
 40
1.25
  9
$DIMTP
 40
0.0
  9
$DIMTM
 40
0.0
  9
$DIMTXT
 40
2.5
  9
$DIMCEN
 40
2.5
  9
$DIMTSZ
 40
0.0
  9
$DIMTOL
 70
     0
  9
$DIMLIM
 70
     0
  9
$DIMTIH
 70
     0
  9
$DIMTOH
 70
     0
  9
$DIMSE1
 70
     0
  9
$DIMSE2
 70
     0
  9
$DIMTAD
 70
     1
  9
$DIMZIN
 70
     8
  9
$DIMBLK
  1

  9
$DIMASO
 70
     1
  9
$DIMSHO
 70
     1
  9
$DIMPOST
  1

  9
$DIMAPOST
  1

  9
$DIMALT
 70
     0
  9
$DIMALTD
 70
     3
  9
$DIMALTF
 40
0.03937
  9
$DIMLFAC
 40
1.0
  9
$DIMTOFL
 70
     1
  9
$DIMTVP
 40
0.0
  9
$DIMTIX
 70
     0
  9
$DIMSOXD
 70
     0
  9
$DIMSAH
 70
     0
  9
$DIMBLK1
  1

  9
$DIMBLK2
  1

  9
$DIMSTYLE
  2
STANDARD
  9
$DIMCLRD
 70
     3
  9
$DIMCLRE
 70
     3
  9
$DIMCLRT
 70
     2
  9
$DIMTFAC
 40
1.0
  9
$DIMGAP
 40
0.625
  9
$DIMJUST
 70
     0
  9
$DIMSD1
 70
     0
  9
$DIMSD2
 70
     0
  9
$DIMTOLJ
 70
     0
  9
$DIMTZIN
 70
     8
  9
$DIMALTZ
 70
     0
  9
$DIMALTTZ
 70
     0
  9
$DIMUPT
 70
     0
  9
$DIMDEC
 70
     2
  9
$DIMTDEC
 70
     2
  9
$DIMALTU
 70
     2
  9
$DIMALTTD
 70
     3
  9
$DIMTXSTY
  7
STANDARD
  9
$DIMAUNIT
 70
     0
  9
$DIMADEC
 70
     0
  9
$DIMALTRND
 40
0.0
  9
$DIMAZIN
 70
     0
  9
$DIMDSEP
 70
    46
  9
$DIMATFIT
 70
     0
  9
$DIMFRAC
 70
     0
  9
$DIMLDRBLK
  1

  9
$DIMLUNIT
 70
     2
  9
$DIMLWD
 70
    -2
  9
$DIMLWE
 70
    -2
  9
$DIMTMOVE
 70
     0
  9
$DIMFXL
 40
1.0
  9
$DIMFXLON
 70
     0
  9
$DIMJOGANG
 40
0.785398
  9
$DIMTFILL
 70
     0
  9
$DIMTFILLCLR
 70
     0
  9
$DIMARCSYM
 70
     0
  9
$DIMLTYPE
  6

  9
$DIMLTEX1
  6

  9
$DIMLTEX2
  6

  9
$DIMTXTDIRECTION
 70
     0
  9
$LUNITS
 70
     2
  9
$LUPREC
 70
     4
  9
$SKETCHINC
 40
1.0
  9
$FILLETRAD
 40
0.0
  9
$AUNITS
 70
     0
  9
$AUPREC
 70
     0
  9
$MENU
  1
.
  9
$ELEVATION
 40
0.0
  9
$PELEVATION
 40
0.0
  9
$THICKNESS
 40
0.0
  9
$LIMCHECK
 70
     0
  9
$CHAMFERA
 40
2.5
  9
$CHAMFERB
 40
2.5
  9
$CHAMFERC
 40
0.0
  9
$CHAMFERD
 40
0.0
  9
$SKPOLY
 70
     0
  9
$TDCREATE
 40
2444972.375
  9
$TDUCREATE
 40
2444972.0
  9
$TDUPDATE
 40
2461081.650667604
  9
$TDUUPDATE
 40
2461081.275667604
  9
$TDINDWG
 40
0.5361734954
  9
$TDUSRTIMER
 40
0.5361977083
  9
$USRTIMER
 70
     1
  9
$ANGBASE
 50
0.0
  9
$ANGDIR
 70
     0
  9
$PDMODE
 70
     0
  9
$PDSIZE
 40
0.0
  9
$PLINEWID
 40
0.0
  9
$SPLFRAME
 70
     0
  9
$SPLINETYPE
 70
     6
  9
$SPLINESEGS
 70
     8
  9
$HANDSEED
  5
1204F
  9
$SURFTAB1
 70
     6
  9
$SURFTAB2
 70
     6
  9
$SURFTYPE
 70
     6
  9
$SURFU
 70
     6
  9
$SURFV
 70
     6
  9
$UCSBASE
  2

  9
$UCSNAME
  2

  9
$UCSORG
 10
0.0
 20
0.0
 30
0.0
  9
$UCSXDIR
 10
1.0
 20
0.0
 30
0.0
  9
$UCSYDIR
 10
0.0
 20
1.0
 30
0.0
  9
$UCSORTHOREF
  2

  9
$UCSORTHOVIEW
 70
     0
  9
$UCSORGTOP
 10
0.0
 20
0.0
 30
0.0
  9
$UCSORGBOTTOM
 10
0.0
 20
0.0
 30
0.0
  9
$UCSORGLEFT
 10
0.0
 20
0.0
 30
0.0
  9
$UCSORGRIGHT
 10
0.0
 20
0.0
 30
0.0
  9
$UCSORGFRONT
 10
0.0
 20
0.0
 30
0.0
  9
$UCSORGBACK
 10
0.0
 20
0.0
 30
0.0
  9
$PUCSBASE
  2

  9
$PUCSNAME
  2

  9
$PUCSORG
 10
0.0
 20
0.0
 30
0.0
  9
$PUCSXDIR
 10
1.0
 20
0.0
 30
0.0
  9
$PUCSYDIR
 10
0.0
 20
1.0
 30
0.0
  9
$PUCSORTHOREF
  2

  9
$PUCSORTHOVIEW
 70
     0
  9
$PUCSORGTOP
 10
0.0
 20
0.0
 30
0.0
  9
$PUCSORGBOTTOM
 10
0.0
 20
0.0
 30
0.0
  9
$PUCSORGLEFT
 10
0.0
 20
0.0
 30
0.0
  9
$PUCSORGRIGHT
 10
0.0
 20
0.0
 30
0.0
  9
$PUCSORGFRONT
 10
0.0
 20
0.0
 30
0.0
  9
$PUCSORGBACK
 10
0.0
 20
0.0
 30
0.0
  9
$USERI1
 70
     0
  9
$USERI2
 70
     0
  9
$USERI3
 70
     0
  9
$USERI4
 70
     0
  9
$USERI5
 70
     0
  9
$USERR1
 40
0.0
  9
$USERR2
 40
0.0
  9
$USERR3
 40
0.0
  9
$USERR4
 40
0.0
  9
$USERR5
 40
0.0
  9
$WORLDVIEW
 70
     1
  9
$SHADEDGE
 70
     3
  9
$SHADEDIF
 70
    70
  9
$TILEMODE
 70
     1
  9
$MAXACTVP
 70
    48
  9
$PINSBASE
 10
0.0
 20
0.0
 30
0.0
  9
$PLIMCHECK
 70
     0
  9
$PEXTMIN
 10
0.0
 20
0.0
 30
0.0
  9
$PEXTMAX
 10
840.0
 20
593.590759
 30
2.0
  9
$PLIMMIN
 10
0.0
 20
0.0
  9
$PLIMMAX
 10
420.0
 20
297.0
  9
$UNITMODE
 70
     0
  9
$VISRETAIN
 70
     0
  9
$PLINEGEN
 70
     0
  9
$PSLTSCALE
 70
     1
  9
$TREEDEPTH
 70
  3020
  9
$CMLSTYLE
  2
STANDARD
  9
$CMLJUST
 70
     0
  9
$CMLSCALE
 40
20.0
  9
$PROXYGRAPHICS
 70
     1
  9
$MEASUREMENT
 70
     1
  9
$CELWEIGHT
370
    -1
  9
$ENDCAPS
280
     0
  9
$JOINSTYLE
280
     0
  9
$LWDISPLAY
290
     0
  9
$INSUNITS
 70
     0
  9
$HYPERLINKBASE
  1

  9
$STYLESHEET
  1

  9
$XEDIT
290
     1
  9
$CEPSNTYPE
380
     0
  9
$PSTYLEMODE
290
     1
  9
$FINGERPRINTGUID
  2
{AA8E927C-9D94-4203-BC7B-3CEB63A387CE}
  9
$VERSIONGUID
  2
{0FD7FB19-3863-4E10-8042-CCBCBFCC3394}
  9
$EXTNAMES
290
     1
  9
$PSVPSCALE
 40
0.0
  9
$OLESTARTUP
290
     0
  9
$SORTENTS
280
   127
  9
$INDEXCTL
280
     0
  9
$HIDETEXT
280
     1
  9
$XCLIPFRAME
280
     2
  9
$HALOGAP
280
     0
  9
$OBSCOLOR
 70
   257
  9
$OBSLTYPE
280
     0
  9
$INTERSECTIONDISPLAY
280
     0
  9
$INTERSECTIONCOLOR
 70
   257
  9
$DIMASSOC
280
     1
  9
$PROJECTNAME
  1

  9
$CAMERADISPLAY
290
     0
  9
$LENSLENGTH
 40
50.0
  9
$CAMERAHEIGHT
 40
0.0
  9
$STEPSPERSEC
 40
2.0
  9
$STEPSIZE
 40
6.0
  9
$3DDWFPREC
 40
2.0
  9
$PSOLWIDTH
 40
0.25
  9
$PSOLHEIGHT
 40
4.0
  9
$LOFTANG1
 40
1.570796
  9
$LOFTANG2
 40
1.570796
  9
$LOFTMAG1
 40
0.0
  9
$LOFTMAG2
 40
0.0
  9
$LOFTPARAM
 70
     7
  9
$LOFTNORMALS
280
     1
  9
$LATITUDE
 40
37.795
  9
$LONGITUDE
 40
-122.394
  9
$NORTHDIRECTION
 40
0.0
  9
$TIMEZONE
 70
 -8000
  9
$LIGHTGLYPHDISPLAY
280
     1
  9
$TILEMODELIGHTSYNCH
280
     1
  9
$SOLIDHIST
280
     0
  9
$SHOWHIST
280
     1
  9
$DWFFRAME
280
     2
  9
$DGNFRAME
280
     2
  9
$REALWORLDSCALE
290
     1
  9
$INTERFERECOLOR
 62
   256
  9
$CSHADOW
280
     0
  9
$SHADOWPLANELOCATION
 40
0.0
  0
ENDSEC
  0
SECTION
  2
CLASSES
  0
CLASS
  1
LWPOLYLINE
  2
AcDbPolyline
  3
ObjectDBX Classes
 90
        0
 91
        1
280
     0
281
     1
  0
CLASS
  1
IMAGE
  2
AcDbRasterImage
  3
ISM
 90
      127
 91
        6
280
     0
281
     1
  0
CLASS
  1
OLE2FRAME
  2
AcDbOle2Frame
  3
ObjectDBX Classes
 90
        0
 91
        1
280
     0
281
     1
  0
CLASS
  1
HATCH
  2
AcDbHatch
  3
ObjectDBX Classes
 90
        0
 91
        1
280
     0
281
     1
  0
CLASS
  1
DICTIONARYVAR
  2
AcDbDictionaryVar
  3
ObjectDBX Classes
 90
        0
 91
        9
280
     0
281
     0
  0
CLASS
  1
RASTERVARIABLES
  2
AcDbRasterVariables
  3
ISM
 90
        0
 91
        6
280
     0
281
     0
  0
CLASS
  1
IMAGEDEF
  2
AcDbRasterImageDef
  3
ISM
 90
        0
 91
        6
280
     0
281
     0
  0
CLASS
  1
IMAGEDEF_REACTOR
  2
AcDbRasterImageDefReactor
  3
ISM
 90
        1
 91
        5
280
     0
281
     0
  0
CLASS
  1
IDBUFFER
  2
AcDbIdBuffer
  3
ObjectDBX Classes
 90
        0
 91
        5
280
     0
281
     0
  0
CLASS
  1
SPATIAL_FILTER
  2
AcDbSpatialFilter
  3
ObjectDBX Classes
 90
        0
 91
        5
280
     0
281
     0
  0
CLASS
  1
XRECORD
  2
AcDbXrecord
  3
ObjectDBX Classes
 90
        0
 91
        1
280
     0
281
     0
  0
CLASS
  1
SORTENTSTABLE
  2
AcDbSortentsTable
  3
ObjectDBX Classes
 90
        0
 91
        9
280
     0
281
     0
  0
CLASS
  1
LAYER_INDEX
  2
AcDbLayerIndex
  3
ObjectDBX Classes
 90
        0
 91
        5
280
     0
281
     0
  0
CLASS
  1
SPATIAL_INDEX
  2
AcDbSpatialIndex
  3
AutoCAD 2000
 90
        0
 91
        5
280
     0
281
     0
  0
CLASS
  1
OBJECT_PTR
  2
CAseDLPNTableRecord
  3
ASE-LPNTableRecord
 90
        1
 91
        5
280
     0
281
     0
  0
CLASS
  1
LAYOUT
  2
AcDbLayout
  3
ObjectDBX Classes
 90
        0
 91
        1
280
     0
281
     0
  0
CLASS
  1
PLOTSETTINGS
  2
AcDbPlotSettings
  3
ObjectDBX Classes
 90
        0
 91
        7
280
     0
281
     0
  0
CLASS
  1
ACDBDICTIONARYWDFLT
  2
AcDbDictionaryWithDefault
  3
ObjectDBX Classes
 90
        0
 91
       12
280
     0
281
     0
  0
CLASS
  1
ACDBPLACEHOLDER
  2
AcDbPlaceHolder
  3
ObjectDBX Classes
 90
        0
 91
        1
280
     0
281
     0
  0
CLASS
  1
VBA_PROJECT
  2
AcDbVbaProject
  3
ObjectDBX Classes
 90
        0
 91
        1
280
     0
281
     0
  0
CLASS
  1
WIPEOUT
  2
AcDbWipeout
  3
WipeOut|AutoCAD Express Tool|expresstools@autodesk.com
 90
      127
 91
        7
280
     0
281
     1
  0
CLASS
  1
WIPEOUTVARIABLES
  2
AcDbWipeoutVariables
  3
WipeOut|AutoCAD Express Tool|expresstools@autodesk.com
 90
        0
 91
        5
280
     0
281
     0
  0
CLASS
  1
RTEXT
  2
RText
  3
RText|AutoCAD Express Tool|expresstools@autodesk.com
 90
        0
 91
        5
280
     0
281
     1
  0
CLASS
  1
ARCALIGNEDTEXT
  2
AcDbArcAlignedText
  3
ATEXT|AutoCAD Express Tool|expresstools@autodesk.com
 90
        0
 91
        5
280
     0
281
     1
  0
CLASS
  1
TABLESTYLE
  2
AcDbTableStyle
  3
ObjectDBX Classes
 90
     4095
 91
       12
280
     0
281
     0
  0
CLASS
  1
MATERIAL
  2
AcDbMaterial
  3
ObjectDBX Classes
 90
     1153
 91
       12
280
     0
281
     0
  0
CLASS
  1
VISUALSTYLE
  2
AcDbVisualStyle
  3
ObjectDBX Classes
 90
     4095
 91
       12
280
     0
281
     0
  0
CLASS
  1
SCALE
  2
AcDbScale
  3
ObjectDBX Classes
 90
     1153
 91
       12
280
     0
281
     0
  0
CLASS
  1
MLEADERSTYLE
  2
AcDbMLeaderStyle
  3
ACDB_MLEADERSTYLE_CLASS
 90
     4095
 91
       12
280
     0
281
     0
  0
CLASS
  1
SUN
  2
AcDbSun
  3
SCENEOE
 90
     1153
 91
       12
280
     0
281
     0
  0
CLASS
  1
CELLSTYLEMAP
  2
AcDbCellStyleMap
  3
ObjectDBX Classes
 90
     1152
 91
        8
280
     0
281
     0
  0
ENDSEC
  0
SECTION
  2
TABLES
  0
TABLE
  2
VPORT
  5
7
330
0
100
AcDbSymbolTable
 70
     1
  0
VPORT
  5
926B
330
7
100
AcDbSymbolTableRecord
100
AcDbViewportTableRecord
  2
*Active
 70
     0
 10
0.0
 20
0.0
 11
1.0
 21
1.0
 12
1168.458812911242
 22
221.9403708470271
 13
0.0
 23
0.0
 14
1.0
 24
1.0
 15
0.0
 25
0.0
 16
0.0
 26
0.0
 36
1.0
 17
0.0
 27
0.0
 37
0.0
 40
912.0294734290992
 41
2.61357340720222
 42
50.0
 43
0.0
 44
0.0
 50
0.0
 51
0.0
 71
    16
 72
 20000
 73
     1
 74
     1
 75
     0
 76
     0
 77
     0
 78
     0
281
     0
 65
     1
110
0.0
120
0.0
130
0.0
111
1.0
121
0.0
131
0.0
112
0.0
122
1.0
132
0.0
 79
     0
146
0.0
348
9278
 60
     3
 61
     5
292
     1
282
     1
141
0.0
142
0.0
 63
   256
361
9693
  0
ENDTAB
  0
TABLE
  2
LTYPE
  5
4
330
0
100
AcDbSymbolTable
 70
    10
  0
LTYPE
  5
11
330
4
100
AcDbSymbolTableRecord
100
AcDbLinetypeTableRecord
  2
BYBLOCK
 70
     0
  3

 72
    65
 73
     0
 40
0.0
  0
LTYPE
  5
12
330
4
100
AcDbSymbolTableRecord
100
AcDbLinetypeTableRecord
  2
BYLAYER
 70
     0
  3

 72
    65
 73
     0
 40
0.0
  0
LTYPE
  5
13
330
4
100
AcDbSymbolTableRecord
100
AcDbLinetypeTableRecord
  2
CONTINUOUS
 70
     0
  3
Solid line
 72
    65
 73
     0
 40
0.0
  0
LTYPE
  5
1D
330
4
100
AcDbSymbolTableRecord
100
AcDbLinetypeTableRecord
  2
DASHED
 70
     0
  3
__ __ __ __ __ __ __ __ __ __ __ __ __ __ __ __
 72
    65
 73
     2
 40
15.0
 49
12.0
 74
     0
 49
-3.0
 74
     0
  0
LTYPE
  5
1E
330
4
100
AcDbSymbolTableRecord
100
AcDbLinetypeTableRecord
  2
DASHDOT
 70
     0
  3
 __ . __ . __ . __ . __ . __ . __ . 
 72
    65
 73
     4
 40
18.5
 49
12.0
 74
     0
 49
-3.0
 74
     0
 49
0.5
 74
     0
 49
-3.0
 74
     0
  0
LTYPE
  5
1F
330
4
100
AcDbSymbolTableRecord
100
AcDbLinetypeTableRecord
  2
DOT
 70
     0
  3
 . . . . . . . . . . . . . . . .
 72
    65
 73
     2
 40
3.5
 49
0.5
 74
     0
 49
-3.0
 74
     0
  0
LTYPE
  5
20
330
4
100
AcDbSymbolTableRecord
100
AcDbLinetypeTableRecord
  2
DASHSPACE
 70
     0
  3
__    __    __    __    __   
 72
    65
 73
     2
 40
30.0
 49
12.0
 74
     0
 49
-18.0
 74
     0
  0
LTYPE
  5
21
330
4
100
AcDbSymbolTableRecord
100
AcDbLinetypeTableRecord
  2
DASHDOT2
 70
     0
  3
__ . . __ . . __ . . __ 
 72
    65
 73
     6
 40
22.0
 49
12.0
 74
     0
 49
-3.0
 74
     0
 49
0.5
 74
     0
 49
-3.0
 74
     0
 49
0.5
 74
     0
 49
-3.0
 74
     0
  0
LTYPE
  5
22
330
4
100
AcDbSymbolTableRecord
100
AcDbLinetypeTableRecord
  2
PHANTOM
 70
     0
  3
Phantom ______  __  __  ______  __  __  ______ 
 72
    65
 73
     6
 40
63.5
 49
31.75
 74
     0
 49
-6.35
 74
     0
 49
6.35
 74
     0
 49
-6.35
 74
     0
 49
6.35
 74
     0
 49
-6.35
 74
     0
  0
LTYPE
  5
23
330
4
100
AcDbSymbolTableRecord
100
AcDbLinetypeTableRecord
  2
AXES
 70
     0
  3
________  __  ________  __  _____
 72
    65
 73
     4
 40
24.0
 49
15.0
 74
     0
 49
-3.0
 74
     0
 49
3.0
 74
     0
 49
-3.0
 74
     0
  0
LTYPE
  5
924F
330
4
100
AcDbSymbolTableRecord
100
AcDbLinetypeTableRecord
  2
CENTER
 70
     0
  3
Center ____ _ ____ _ ____ _ ____ _ ____ _ ____
 72
    65
 73
     4
 40
50.8
 49
31.75
 74
     0
 49
-6.35
 74
     0
 49
6.35
 74
     0
 49
-6.35
 74
     0
  0
LTYPE
  5
B261
330
4
100
AcDbSymbolTableRecord
100
AcDbLinetypeTableRecord
  2
DASHED2
 70
     0
  3
Dashed (0.5x) _ _ _ _ _ _ _ _ _ _ _ _ _ _ _ _ _
 72
    65
 73
     2
 40
9.525
 49
6.35
 74
     0
 49
-3.175
 74
     0
  0
ENDTAB
  0
TABLE
  2
LAYER
  5
2
102
{ACAD_XDICTIONARY
360
92B1
102
}
330
0
100
AcDbSymbolTable
 70
    10
  0
LAYER
  5
14
330
2
100
AcDbSymbolTableRecord
100
AcDbLayerTableRecord
  2
0
 70
     0
 62
     7
  6
CONTINUOUS
370
    -3
390
9244
347
9271
348
0
  0
LAYER
  5
9250
330
2
100
AcDbSymbolTableRecord
100
AcDbLayerTableRecord
  2
1
 70
     0
 62
     7
  6
CONTINUOUS
370
    -3
390
9244
347
9271
348
0
1001
AcAecLayerStandard
1000

1000

  0
LAYER
  5
9251
330
2
100
AcDbSymbolTableRecord
100
AcDbLayerTableRecord
  2
3
 70
     0
 62
     1
  6
CENTER
370
    -3
390
9244
347
9271
348
0
1001
AcAecLayerStandard
1000

1000

  0
LAYER
  5
9252
330
2
100
AcDbSymbolTableRecord
100
AcDbLayerTableRecord
  2
7
 70
     0
 62
     5
  6
CONTINUOUS
370
    -3
390
9244
347
9271
348
0
1001
AcAecLayerStandard
1000

1000

  0
LAYER
  5
9253
330
2
100
AcDbSymbolTableRecord
100
AcDbLayerTableRecord
  2
8
 70
     0
 62
     2
  6
CONTINUOUS
370
    -3
390
9244
347
9271
348
0
1001
AcAecLayerStandard
1000

1000

  0
LAYER
  5
9254
330
2
100
AcDbSymbolTableRecord
100
AcDbLayerTableRecord
  2
6
 70
     0
 62
     3
  6
CONTINUOUS
370
    -3
390
9244
347
9271
348
0
1001
AcAecLayerStandard
1000

1000

  0
LAYER
  5
9255
330
2
100
AcDbSymbolTableRecord
100
AcDbLayerTableRecord
  2
2
 70
     0
 62
     6
  6
CONTINUOUS
370
    -3
390
9244
347
9271
348
0
1001
AcAecLayerStandard
1000

1000

  0
LAYER
  5
9256
330
2
100
AcDbSymbolTableRecord
100
AcDbLayerTableRecord
  2
4
 70
     0
 62
     4
  6
DASHED
370
    -3
390
9244
347
9271
348
0
1001
AcAecLayerStandard
1000

1000

  0
LAYER
  5
9257
330
2
100
AcDbSymbolTableRecord
100
AcDbLayerTableRecord
  2
5
 70
     0
 62
     6
  6
PHANTOM
370
    -3
390
9244
347
9271
348
0
1001
AcAecLayerStandard
1000

1000

  0
LAYER
  5
9694
330
2
100
AcDbSymbolTableRecord
100
AcDbLayerTableRecord
  2
Defpoints
 70
     0
 62
     7
  6
CONTINUOUS
290
     0
370
    -3
390
9244
347
9271
348
0
  0
ENDTAB
  0
TABLE
  2
STYLE
  5
3
330
0
100
AcDbSymbolTable
 70
     1
  0
STYLE
  5
17
330
3
100
AcDbSymbolTableRecord
100
AcDbTextStyleTableRecord
  2
STANDARD
 70
     0
 40
0.0
 41
1.0
 50
0.0
 71
     0
 42
18.26911
  3

  4

1001
ACAD
1000
Arial
1071
        0
  0
ENDTAB
  0
TABLE
  2
VIEW
  5
5
330
0
100
AcDbSymbolTable
 70
     0
  0
ENDTAB
  0
TABLE
  2
UCS
  5
6
330
0
100
AcDbSymbolTable
 70
     0
  0
ENDTAB
  0
TABLE
  2
APPID
  5
8
330
0
100
AcDbSymbolTable
 70
     4
  0
APPID
  5
16
330
8
100
AcDbSymbolTableRecord
100
AcDbRegAppTableRecord
  2
ACAD
 70
     0
  0
APPID
  5
9258
330
8
100
AcDbSymbolTableRecord
100
AcDbRegAppTableRecord
  2
AcAecLayerStandard
 70
     0
  0
APPID
  5
9259
330
8
100
AcDbSymbolTableRecord
100
AcDbRegAppTableRecord
  2
DCO15
 70
     0
  0
APPID
  5
D563
330
8
100
AcDbSymbolTableRecord
100
AcDbRegAppTableRecord
  2
AcadAnnotative
 70
     0
  0
ENDTAB
  0
TABLE
  2
DIMSTYLE
  5
9
330
0
100
AcDbSymbolTable
 70
     1
100
AcDbDimStyleTable
  0
DIMSTYLE
105
18
330
9
100
AcDbSymbolTableRecord
100
AcDbDimStyleTableRecord
  2
STANDARD
 70
     0
178
     0
340
17
1001
AcadAnnotative
1000
AnnotativeData
1002
{
1070
     1
1070
     0
1002
}
  0
ENDTAB
  0
TABLE
  2
BLOCK_RECORD
  5
1
330
0
100
AcDbSymbolTable
 70
    42
  0
BLOCK_RECORD
  5
A
102
{ACAD_XDICTIONARY
360
95F6
102
}
330
1
100
AcDbSymbolTableRecord
100
AcDbBlockTableRecord
  2
*MODEL_SPACE
340
924B
 70
     0
280
     1
281
     0
  0
BLOCK_RECORD
  5
B
330
1
100
AcDbSymbolTableRecord
100
AcDbBlockTableRecord
  2
*PAPER_SPACE
340
924C
 70
     0
280
     1
281
     0
  0
BLOCK_RECORD
  5
925A
102
{ACAD_XDICTIONARY
360
9263
102
}
330
1
100
AcDbSymbolTableRecord
100
AcDbBlockTableRecord
  2
A$C72671402
340
0
 70
     0
280
     1
281
     0
  0
BLOCK_RECORD
  5
D5D6
330
1
100
AcDbSymbolTableRecord
100
AcDbBlockTableRecord
  2
*D1
340
0
 70
     0
280
     1
281
     0
  0
BLOCK_RECORD
  5
D5E3
330
1
100
AcDbSymbolTableRecord
100
AcDbBlockTableRecord
  2
*D2
340
0
 70
     0
280
     1
281
     0
  0
BLOCK_RECORD
  5
D5F0
330
1
100
AcDbSymbolTableRecord
100
AcDbBlockTableRecord
  2
*D3
340
0
 70
     0
280
     1
281
     0
  0
BLOCK_RECORD
  5
D5FD
330
1
100
AcDbSymbolTableRecord
100
AcDbBlockTableRecord
  2
*D4
340
0
 70
     0
280
     1
281
     0
  0
BLOCK_RECORD
  5
D60A
330
1
100
AcDbSymbolTableRecord
100
AcDbBlockTableRecord
  2
*D5
340
0
 70
     0
280
     1
281
     0
  0
BLOCK_RECORD
  5
D625
330
1
100
AcDbSymbolTableRecord
100
AcDbBlockTableRecord
  2
*D6
340
0
 70
     0
280
     1
281
     0
  0
BLOCK_RECORD
  5
D794
330
1
100
AcDbSymbolTableRecord
100
AcDbBlockTableRecord
  2
*D7
340
0
 70
     0
280
     1
281
     0
  0
BLOCK_RECORD
  5
D7A9
330
1
100
AcDbSymbolTableRecord
100
AcDbBlockTableRecord
  2
*D8
340
0
 70
     0
280
     1
281
     0
  0
BLOCK_RECORD
  5
D7B7
330
1
100
AcDbSymbolTableRecord
100
AcDbBlockTableRecord
  2
*D9
340
0
 70
     0
280
     1
281
     0
  0
BLOCK_RECORD
  5
D7C4
330
1
100
AcDbSymbolTableRecord
100
AcDbBlockTableRecord
  2
*D10
340
0
 70
     0
280
     1
281
     0
  0
BLOCK_RECORD
  5
D7D1
330
1
100
AcDbSymbolTableRecord
100
AcDbBlockTableRecord
  2
*D11
340
0
 70
     0
280
     1
281
     0
  0
BLOCK_RECORD
  5
D80D
330
1
100
AcDbSymbolTableRecord
100
AcDbBlockTableRecord
  2
*D12
340
0
 70
     0
280
     1
281
     0
  0
BLOCK_RECORD
  5
D81A
330
1
100
AcDbSymbolTableRecord
100
AcDbBlockTableRecord
  2
*D13
340
0
 70
     0
280
     1
281
     0
  0
BLOCK_RECORD
  5
D827
330
1
100
AcDbSymbolTableRecord
100
AcDbBlockTableRecord
  2
*D14
340
0
 70
     0
280
     1
281
     0
  0
BLOCK_RECORD
  5
11DBC
330
1
100
AcDbSymbolTableRecord
100
AcDbBlockTableRecord
  2
*D15
340
0
 70
     0
280
     1
281
     0
  0
BLOCK_RECORD
  5
11DC8
330
1
100
AcDbSymbolTableRecord
100
AcDbBlockTableRecord
  2
*D16
340
0
 70
     0
280
     1
281
     0
  0
BLOCK_RECORD
  5
11DD4
330
1
100
AcDbSymbolTableRecord
100
AcDbBlockTableRecord
  2
*D17
340
0
 70
     0
280
     1
281
     0
  0
BLOCK_RECORD
  5
11DE0
330
1
100
AcDbSymbolTableRecord
100
AcDbBlockTableRecord
  2
*D18
340
0
 70
     0
280
     1
281
     0
  0
BLOCK_RECORD
  5
11DEC
330
1
100
AcDbSymbolTableRecord
100
AcDbBlockTableRecord
  2
*D19
340
0
 70
     0
280
     1
281
     0
  0
BLOCK_RECORD
  5
11DF8
330
1
100
AcDbSymbolTableRecord
100
AcDbBlockTableRecord
  2
*D20
340
0
 70
     0
280
     1
281
     0
  0
BLOCK_RECORD
  5
11E04
330
1
100
AcDbSymbolTableRecord
100
AcDbBlockTableRecord
  2
*D21
340
0
 70
     0
280
     1
281
     0
  0
BLOCK_RECORD
  5
11E10
330
1
100
AcDbSymbolTableRecord
100
AcDbBlockTableRecord
  2
*D22
340
0
 70
     0
280
     1
281
     0
  0
BLOCK_RECORD
  5
11E34
330
1
100
AcDbSymbolTableRecord
100
AcDbBlockTableRecord
  2
*D23
340
0
 70
     0
280
     1
281
     0
  0
BLOCK_RECORD
  5
11E40
330
1
100
AcDbSymbolTableRecord
100
AcDbBlockTableRecord
  2
*D24
340
0
 70
     0
280
     1
281
     0
  0
BLOCK_RECORD
  5
11E7A
330
1
100
AcDbSymbolTableRecord
100
AcDbBlockTableRecord
  2
*D25
340
0
 70
     0
280
     1
281
     0
  0
BLOCK_RECORD
  5
11E88
330
1
100
AcDbSymbolTableRecord
100
AcDbBlockTableRecord
  2
*D26
340
0
 70
     0
280
     1
281
     0
  0
BLOCK_RECORD
  5
11E9E
330
1
100
AcDbSymbolTableRecord
100
AcDbBlockTableRecord
  2
*D27
340
0
 70
     0
280
     1
281
     0
  0
BLOCK_RECORD
  5
11EAB
330
1
100
AcDbSymbolTableRecord
100
AcDbBlockTableRecord
  2
*D28
340
0
 70
     0
280
     1
281
     0
  0
BLOCK_RECORD
  5
11FAC
330
1
100
AcDbSymbolTableRecord
100
AcDbBlockTableRecord
  2
*D29
340
0
 70
     0
280
     1
281
     0
  0
BLOCK_RECORD
  5
11FB8
330
1
100
AcDbSymbolTableRecord
100
AcDbBlockTableRecord
  2
*D30
340
0
 70
     0
280
     1
281
     0
  0
BLOCK_RECORD
  5
11FC4
330
1
100
AcDbSymbolTableRecord
100
AcDbBlockTableRecord
  2
*D31
340
0
 70
     0
280
     1
281
     0
  0
BLOCK_RECORD
  5
11FD0
330
1
100
AcDbSymbolTableRecord
100
AcDbBlockTableRecord
  2
*D32
340
0
 70
     0
280
     1
281
     0
  0
BLOCK_RECORD
  5
11FDC
330
1
100
AcDbSymbolTableRecord
100
AcDbBlockTableRecord
  2
*D33
340
0
 70
     0
280
     1
281
     0
  0
BLOCK_RECORD
  5
11FE8
330
1
100
AcDbSymbolTableRecord
100
AcDbBlockTableRecord
  2
*D34
340
0
 70
     0
280
     1
281
     0
  0
BLOCK_RECORD
  5
11FF4
330
1
100
AcDbSymbolTableRecord
100
AcDbBlockTableRecord
  2
*D35
340
0
 70
     0
280
     1
281
     0
  0
BLOCK_RECORD
  5
12000
330
1
100
AcDbSymbolTableRecord
100
AcDbBlockTableRecord
  2
*D36
340
0
 70
     0
280
     1
281
     0
  0
BLOCK_RECORD
  5
1200C
330
1
100
AcDbSymbolTableRecord
100
AcDbBlockTableRecord
  2
*D37
340
0
 70
     0
280
     1
281
     0
  0
BLOCK_RECORD
  5
12018
330
1
100
AcDbSymbolTableRecord
100
AcDbBlockTableRecord
  2
*D38
340
0
 70
     0
280
     1
281
     0
  0
BLOCK_RECORD
  5
12024
330
1
100
AcDbSymbolTableRecord
100
AcDbBlockTableRecord
  2
*D39
340
0
 70
     0
280
     1
281
     0
  0
BLOCK_RECORD
  5
12030
330
1
100
AcDbSymbolTableRecord
100
AcDbBlockTableRecord
  2
*D40
340
0
 70
     0
280
     1
281
     0
  0
BLOCK_RECORD
  5
1203C
330
1
100
AcDbSymbolTableRecord
100
AcDbBlockTableRecord
  2
*D41
340
0
 70
     0
280
     1
281
     0
  0
ENDTAB
  0
ENDSEC
  0
SECTION
  2
BLOCKS
  0
BLOCK
  5
D
330
A
100
AcDbEntity
  8
0
100
AcDbBlockBegin
  2
*MODEL_SPACE
 70
     0
 10
0.0
 20
0.0
 30
0.0
  3
*MODEL_SPACE
  1

  0
ENDBLK
  5
E
330
A
100
AcDbEntity
  8
0
100
AcDbBlockEnd
  0
BLOCK
  5
F
330
B
100
AcDbEntity
 67
     1
  8
0
100
AcDbBlockBegin
  2
*PAPER_SPACE
 70
     0
 10
0.0
 20
0.0
 30
0.0
  3
*PAPER_SPACE
  1

  0
ENDBLK
  5
10
330
B
100
AcDbEntity
 67
     1
  8
0
100
AcDbBlockEnd
  0
BLOCK
  5
9265
330
925A
100
AcDbEntity
  8
0
100
AcDbBlockBegin
  2
A$C72671402
 70
     0
 10
0.0
 20
0.0
 30
0.0
  3
A$C72671402
  1

  0
LINE
  5
925B
330
925A
100
AcDbEntity
  8
1
100
AcDbLine
 10
-47.845634
 20
35.516867
 30
0.0
 11
58.628642
 21
35.516867
 31
0.0
  0
LINE
  5
925C
330
925A
100
AcDbEntity
  8
2
100
AcDbLine
 10
-47.845634
 20
25.516867
 30
0.0
 11
58.628642
 21
25.516867
 31
0.0
  0
LINE
  5
925D
330
925A
100
AcDbEntity
  8
3
100
AcDbLine
 10
-47.845634
 20
15.516867
 30
0.0
 11
58.628642
 21
15.516867
 31
0.0
  0
LINE
  5
925E
330
925A
100
AcDbEntity
  8
4
100
AcDbLine
 10
-47.845634
 20
5.516867
 30
0.0
 11
58.628642
 21
5.516867
 31
0.0
  0
LINE
  5
925F
330
925A
100
AcDbEntity
  8
5
100
AcDbLine
 10
-47.845634
 20
-4.483133
 30
0.0
 11
58.628642
 21
-4.483133
 31
0.0
  0
LINE
  5
9260
330
925A
100
AcDbEntity
  8
6
100
AcDbLine
 10
-47.845634
 20
-14.483133
 30
0.0
 11
58.628642
 21
-14.483133
 31
0.0
  0
LINE
  5
9261
330
925A
100
AcDbEntity
  8
7
100
AcDbLine
 10
-47.845634
 20
-24.483133
 30
0.0
 11
58.628642
 21
-24.483133
 31
0.0
  0
LINE
  5
9262
330
925A
100
AcDbEntity
  8
8
100
AcDbLine
 10
-47.845634
 20
-34.483133
 30
0.0
 11
58.628642
 21
-34.483133
 31
0.0
  0
ENDBLK
  5
9266
330
925A
100
AcDbEntity
  8
0
100
AcDbBlockEnd
  0
BLOCK
  5
D5D7
330
D5D6
100
AcDbEntity
  8
0
100
AcDbBlockBegin
  2
*D1
 70
     1
 10
0.0
 20
0.0
 30
0.0
  3
*D1
  1

  0
LINE
  5
D5D9
330
D5D6
100
AcDbEntity
  8
0
 62
     3
370
    -2
100
AcDbLine
 10
738.462585
 20
1674.691829
 30
0.0
 11
738.462585
 21
1524.808122
 31
0.0
  0
LINE
  5
D5DA
330
D5D6
100
AcDbEntity
  8
0
 62
     3
370
    -2
100
AcDbLine
 10
928.462539
 20
1668.989353
 30
0.0
 11
928.462539
 21
1524.808122
 31
0.0
  0
LINE
  5
D5DB
330
D5D6
100
AcDbEntity
  8
0
 62
     3
370
    -2
100
AcDbLine
 10
750.962585
 20
1531.058122
 30
0.0
 11
915.962539
 21
1531.058122
 31
0.0
  0
SOLID
  5
D5DC
330
D5D6
100
AcDbEntity
  8
0
 62
     3
100
AcDbTrace
 10
750.962585
 20
1533.141456
 30
0.0
 11
750.962585
 21
1528.974789
 31
0.0
 12
738.462585
 22
1531.058122
 32
0.0
 13
738.462585
 23
1531.058122
 33
0.0
  0
SOLID
  5
D5DD
330
D5D6
100
AcDbEntity
  8
0
 62
     3
100
AcDbTrace
 10
915.962539
 20
1528.974789
 30
0.0
 11
915.962539
 21
1533.141456
 31
0.0
 12
928.462539
 22
1531.058122
 32
0.0
 13
928.462539
 23
1531.058122
 33
0.0
  0
MTEXT
  5
D5DE
330
D5D6
100
AcDbEntity
  8
0
 62
     2
100
AcDbMText
 10
833.462562
 20
1540.564372
 30
0.0
 40
12.5
 41
0.0
 46
0.0
 71
     5
 72
     1
  1
190
 73
     1
 44
1.0
  0
POINT
  5
D5DF
330
D5D6
100
AcDbEntity
  8
Defpoints
 62
     0
100
AcDbPoint
 10
738.462585
 20
1677.816829
 30
0.0
  0
POINT
  5
D5E0
330
D5D6
100
AcDbEntity
  8
Defpoints
 62
     0
100
AcDbPoint
 10
928.462539
 20
1672.114353
 30
0.0
  0
POINT
  5
D5E1
330
D5D6
100
AcDbEntity
  8
Defpoints
 62
     0
100
AcDbPoint
 10
928.462539
 20
1531.058122
 30
0.0
  0
ENDBLK
  5
D5D8
330
D5D6
100
AcDbEntity
  8
0
100
AcDbBlockEnd
  0
BLOCK
  5
D5E4
330
D5E3
100
AcDbEntity
  8
0
100
AcDbBlockBegin
  2
*D2
 70
     1
 10
0.0
 20
0.0
 30
0.0
  3
*D2
  1

  0
LINE
  5
D5E6
330
D5E3
100
AcDbEntity
  8
0
 62
     3
370
    -2
100
AcDbLine
 10
738.462585
 20
1674.691829
 30
0.0
 11
738.462585
 21
1468.189375
 31
0.0
  0
LINE
  5
D5E7
330
D5E3
100
AcDbEntity
  8
0
 62
     3
370
    -2
100
AcDbLine
 10
991.462614
 20
1659.12635
 30
0.0
 11
991.462614
 21
1468.189375
 31
0.0
  0
LINE
  5
D5E8
330
D5E3
100
AcDbEntity
  8
0
 62
     3
370
    -2
100
AcDbLine
 10
750.962585
 20
1474.439375
 30
0.0
 11
978.962614
 21
1474.439375
 31
0.0
  0
SOLID
  5
D5E9
330
D5E3
100
AcDbEntity
  8
0
 62
     3
100
AcDbTrace
 10
750.962585
 20
1476.522708
 30
0.0
 11
750.962585
 21
1472.356042
 31
0.0
 12
738.462585
 22
1474.439375
 32
0.0
 13
738.462585
 23
1474.439375
 33
0.0
  0
SOLID
  5
D5EA
330
D5E3
100
AcDbEntity
  8
0
 62
     3
100
AcDbTrace
 10
978.962614
 20
1472.356042
 30
0.0
 11
978.962614
 21
1476.522708
 31
0.0
 12
991.462614
 22
1474.439375
 32
0.0
 13
991.462614
 23
1474.439375
 33
0.0
  0
MTEXT
  5
D5EB
330
D5E3
100
AcDbEntity
  8
0
 62
     2
100
AcDbMText
 10
864.9626
 20
1483.945625
 30
0.0
 40
12.5
 41
0.0
 46
0.0
 71
     5
 72
     1
  1
253
 73
     1
 44
1.0
  0
POINT
  5
D5EC
330
D5E3
100
AcDbEntity
  8
Defpoints
 62
     0
100
AcDbPoint
 10
738.462585
 20
1677.816829
 30
0.0
  0
POINT
  5
D5ED
330
D5E3
100
AcDbEntity
  8
Defpoints
 62
     0
100
AcDbPoint
 10
991.462614
 20
1662.25135
 30
0.0
  0
POINT
  5
D5EE
330
D5E3
100
AcDbEntity
  8
Defpoints
 62
     0
100
AcDbPoint
 10
991.462614
 20
1474.439375
 30
0.0
  0
ENDBLK
  5
D5E5
330
D5E3
100
AcDbEntity
  8
0
100
AcDbBlockEnd
  0
BLOCK
  5
D5F1
330
D5F0
100
AcDbEntity
  8
0
100
AcDbBlockBegin
  2
*D3
 70
     1
 10
0.0
 20
0.0
 30
0.0
  3
*D3
  1

  0
LINE
  5
D5F3
330
D5F0
100
AcDbEntity
  8
0
 62
     3
370
    -2
100
AcDbLine
 10
738.462539
 20
1424.865514
 30
0.0
 11
738.462539
 21
1416.897764
 31
0.0
  0
LINE
  5
D5F4
330
D5F0
100
AcDbEntity
  8
0
 62
     3
370
    -2
100
AcDbLine
 10
1511.462539
 20
1643.985535
 30
0.0
 11
1511.462539
 21
1416.897764
 31
0.0
  0
LINE
  5
D5F5
330
D5F0
100
AcDbEntity
  8
0
 62
     3
370
    -2
100
AcDbLine
 10
750.962539
 20
1423.147764
 30
0.0
 11
1498.962539
 21
1423.147764
 31
0.0
  0
SOLID
  5
D5F6
330
D5F0
100
AcDbEntity
  8
0
 62
     3
100
AcDbTrace
 10
750.962539
 20
1425.231097
 30
0.0
 11
750.962539
 21
1421.06443
 31
0.0
 12
738.462539
 22
1423.147764
 32
0.0
 13
738.462539
 23
1423.147764
 33
0.0
  0
SOLID
  5
D5F7
330
D5F0
100
AcDbEntity
  8
0
 62
     3
100
AcDbTrace
 10
1498.962539
 20
1421.06443
 30
0.0
 11
1498.962539
 21
1425.231097
 31
0.0
 12
1511.462539
 22
1423.147764
 32
0.0
 13
1511.462539
 23
1423.147764
 33
0.0
  0
MTEXT
  5
D5F8
330
D5F0
100
AcDbEntity
  8
0
 62
     2
100
AcDbMText
 10
1124.962539
 20
1432.654014
 30
0.0
 40
12.5
 41
0.0
 46
0.0
 71
     5
 72
     1
  1
773
 73
     1
 44
1.0
  0
POINT
  5
D5F9
330
D5F0
100
AcDbEntity
  8
Defpoints
 62
     0
100
AcDbPoint
 10
738.462539
 20
1427.990514
 30
0.0
  0
POINT
  5
D5FA
330
D5F0
100
AcDbEntity
  8
Defpoints
 62
     0
100
AcDbPoint
 10
1511.462539
 20
1647.110535
 30
0.0
  0
POINT
  5
D5FB
330
D5F0
100
AcDbEntity
  8
Defpoints
 62
     0
100
AcDbPoint
 10
1511.462539
 20
1423.147764
 30
0.0
  0
ENDBLK
  5
D5F2
330
D5F0
100
AcDbEntity
  8
0
100
AcDbBlockEnd
  0
BLOCK
  5
D5FE
330
D5FD
100
AcDbEntity
  8
0
100
AcDbBlockBegin
  2
*D4
 70
     1
 10
0.0
 20
0.0
 30
0.0
  3
*D4
  1

  0
LINE
  5
D600
330
D5FD
100
AcDbEntity
  8
0
 62
     3
370
    -2
100
AcDbLine
 10
738.462585
 20
1674.691829
 30
0.0
 11
738.462585
 21
1368.236491
 31
0.0
  0
LINE
  5
D601
330
D5FD
100
AcDbEntity
  8
0
 62
     3
370
    -2
100
AcDbLine
 10
2124.464497
 20
1643.989357
 30
0.0
 11
2124.464497
 21
1368.236491
 31
0.0
  0
LINE
  5
D602
330
D5FD
100
AcDbEntity
  8
0
 62
     3
370
    -2
100
AcDbLine
 10
750.962585
 20
1374.486491
 30
0.0
 11
2111.964497
 21
1374.486491
 31
0.0
  0
SOLID
  5
D603
330
D5FD
100
AcDbEntity
  8
0
 62
     3
100
AcDbTrace
 10
750.962585
 20
1376.569825
 30
0.0
 11
750.962585
 21
1372.403158
 31
0.0
 12
738.462585
 22
1374.486491
 32
0.0
 13
738.462585
 23
1374.486491
 33
0.0
  0
SOLID
  5
D604
330
D5FD
100
AcDbEntity
  8
0
 62
     3
100
AcDbTrace
 10
2111.964497
 20
1372.403158
 30
0.0
 11
2111.964497
 21
1376.569825
 31
0.0
 12
2124.464497
 22
1374.486491
 32
0.0
 13
2124.464497
 23
1374.486491
 33
0.0
  0
MTEXT
  5
D605
330
D5FD
100
AcDbEntity
  8
0
 62
     2
100
AcDbMText
 10
1431.463541
 20
1383.992741
 30
0.0
 40
12.5
 41
0.0
 46
0.0
 71
     5
 72
     1
  1
1386
 73
     1
 44
1.0
  0
POINT
  5
D606
330
D5FD
100
AcDbEntity
  8
Defpoints
 62
     0
100
AcDbPoint
 10
738.462585
 20
1677.816829
 30
0.0
  0
POINT
  5
D607
330
D5FD
100
AcDbEntity
  8
Defpoints
 62
     0
100
AcDbPoint
 10
2124.464497
 20
1647.114357
 30
0.0
  0
POINT
  5
D608
330
D5FD
100
AcDbEntity
  8
Defpoints
 62
     0
100
AcDbPoint
 10
2124.464497
 20
1374.486491
 30
0.0
  0
ENDBLK
  5
D5FF
330
D5FD
100
AcDbEntity
  8
0
100
AcDbBlockEnd
  0
BLOCK
  5
D60B
330
D60A
100
AcDbEntity
  8
0
100
AcDbBlockBegin
  2
*D5
 70
     1
 10
0.0
 20
0.0
 30
0.0
  3
*D5
  1

  0
LINE
  5
D60D
330
D60A
100
AcDbEntity
  8
0
 62
     3
370
    -2
100
AcDbLine
 10
738.462585
 20
1674.691829
 30
0.0
 11
738.462585
 21
1323.585195
 31
0.0
  0
LINE
  5
D60E
330
D60A
100
AcDbEntity
  8
0
 62
     3
370
    -2
100
AcDbLine
 10
2645.462629
 20
1658.989356
 30
0.0
 11
2645.462629
 21
1323.585195
 31
0.0
  0
LINE
  5
D60F
330
D60A
100
AcDbEntity
  8
0
 62
     3
370
    -2
100
AcDbLine
 10
750.962585
 20
1329.835195
 30
0.0
 11
2632.962629
 21
1329.835195
 31
0.0
  0
SOLID
  5
D610
330
D60A
100
AcDbEntity
  8
0
 62
     3
100
AcDbTrace
 10
750.962585
 20
1331.918529
 30
0.0
 11
750.962585
 21
1327.751862
 31
0.0
 12
738.462585
 22
1329.835195
 32
0.0
 13
738.462585
 23
1329.835195
 33
0.0
  0
SOLID
  5
D611
330
D60A
100
AcDbEntity
  8
0
 62
     3
100
AcDbTrace
 10
2632.962629
 20
1327.751862
 30
0.0
 11
2632.962629
 21
1331.918529
 31
0.0
 12
2645.462629
 22
1329.835195
 32
0.0
 13
2645.462629
 23
1329.835195
 33
0.0
  0
MTEXT
  5
D612
330
D60A
100
AcDbEntity
  8
0
 62
     2
100
AcDbMText
 10
1691.962607
 20
1339.341445
 30
0.0
 40
12.5
 41
0.0
 46
0.0
 71
     5
 72
     1
  1
1907
 73
     1
 44
1.0
  0
POINT
  5
D613
330
D60A
100
AcDbEntity
  8
Defpoints
 62
     0
100
AcDbPoint
 10
738.462585
 20
1677.816829
 30
0.0
  0
POINT
  5
D614
330
D60A
100
AcDbEntity
  8
Defpoints
 62
     0
100
AcDbPoint
 10
2645.462629
 20
1662.114356
 30
0.0
  0
POINT
  5
D615
330
D60A
100
AcDbEntity
  8
Defpoints
 62
     0
100
AcDbPoint
 10
2645.462629
 20
1329.835195
 30
0.0
  0
ENDBLK
  5
D60C
330
D60A
100
AcDbEntity
  8
0
100
AcDbBlockEnd
  0
BLOCK
  5
D626
330
D625
100
AcDbEntity
  8
0
100
AcDbBlockBegin
  2
*D6
 70
     1
 10
0.0
 20
0.0
 30
0.0
  3
*D6
  1

  0
LINE
  5
D628
330
D625
100
AcDbEntity
  8
0
 62
     3
370
    -2
100
AcDbLine
 10
738.462585
 20
1674.691829
 30
0.0
 11
738.462585
 21
1278.869432
 31
0.0
  0
LINE
  5
D629
330
D625
100
AcDbEntity
  8
0
 62
     3
370
    -2
100
AcDbLine
 10
2708.462539
 20
1668.989353
 30
0.0
 11
2708.462539
 21
1278.869432
 31
0.0
  0
LINE
  5
D62A
330
D625
100
AcDbEntity
  8
0
 62
     3
370
    -2
100
AcDbLine
 10
750.962585
 20
1285.119432
 30
0.0
 11
2695.962539
 21
1285.119432
 31
0.0
  0
SOLID
  5
D62B
330
D625
100
AcDbEntity
  8
0
 62
     3
100
AcDbTrace
 10
750.962585
 20
1287.202765
 30
0.0
 11
750.962585
 21
1283.036098
 31
0.0
 12
738.462585
 22
1285.119432
 32
0.0
 13
738.462585
 23
1285.119432
 33
0.0
  0
SOLID
  5
D62C
330
D625
100
AcDbEntity
  8
0
 62
     3
100
AcDbTrace
 10
2695.962539
 20
1283.036098
 30
0.0
 11
2695.962539
 21
1287.202765
 31
0.0
 12
2708.462539
 22
1285.119432
 32
0.0
 13
2708.462539
 23
1285.119432
 33
0.0
  0
MTEXT
  5
D62D
330
D625
100
AcDbEntity
  8
0
 62
     2
100
AcDbMText
 10
1723.462562
 20
1294.625682
 30
0.0
 40
12.5
 41
0.0
 46
0.0
 71
     5
 72
     1
  1
1970
 73
     1
 44
1.0
  0
POINT
  5
D62E
330
D625
100
AcDbEntity
  8
Defpoints
 62
     0
100
AcDbPoint
 10
738.462585
 20
1677.816829
 30
0.0
  0
POINT
  5
D62F
330
D625
100
AcDbEntity
  8
Defpoints
 62
     0
100
AcDbPoint
 10
2708.462539
 20
1672.114353
 30
0.0
  0
POINT
  5
D630
330
D625
100
AcDbEntity
  8
Defpoints
 62
     0
100
AcDbPoint
 10
2708.462539
 20
1285.119432
 30
0.0
  0
ENDBLK
  5
D627
330
D625
100
AcDbEntity
  8
0
100
AcDbBlockEnd
  0
BLOCK
  5
D795
330
D794
100
AcDbEntity
  8
0
100
AcDbBlockBegin
  2
*D7
 70
     1
 10
0.0
 20
0.0
 30
0.0
  3
*D7
  1

  0
LINE
  5
D797
330
D794
100
AcDbEntity
  8
0
 62
     3
370
    -2
100
AcDbLine
 10
1805.116327
 20
744.521143
 30
0.0
 11
1805.116327
 21
459.036137
 31
0.0
  0
LINE
  5
D798
330
D794
100
AcDbEntity
  8
0
 62
     3
370
    -2
100
AcDbLine
 10
1818.036327
 20
744.961809
 30
0.0
 11
1818.036327
 21
459.036137
 31
0.0
  0
LINE
  5
D799
330
D794
100
AcDbEntity
  8
0
 62
     3
370
    -2
100
AcDbLine
 10
1830.536327
 20
465.286137
 30
0.0
 11
1895.323827
 21
465.286137
 31
0.0
  0
LINE
  5
D79A
330
D794
100
AcDbEntity
  8
0
 62
     3
370
    -2
100
AcDbLine
 10
1805.116327
 20
465.286137
 30
0.0
 11
1818.036327
 21
465.286137
 31
0.0
  0
LINE
  5
D79B
330
D794
100
AcDbEntity
  8
0
 62
     3
370
    -2
100
AcDbLine
 10
1792.616327
 20
465.286137
 30
0.0
 11
1780.116327
 21
465.286137
 31
0.0
  0
SOLID
  5
D79C
330
D794
100
AcDbEntity
  8
0
 62
     3
100
AcDbTrace
 10
1792.616327
 20
463.202804
 30
0.0
 11
1792.616327
 21
467.369471
 31
0.0
 12
1805.116327
 22
465.286137
 32
0.0
 13
1805.116327
 23
465.286137
 33
0.0
  0
SOLID
  5
D79D
330
D794
100
AcDbEntity
  8
0
 62
     3
100
AcDbTrace
 10
1830.536327
 20
467.369471
 30
0.0
 11
1830.536327
 21
463.202804
 31
0.0
 12
1818.036327
 22
465.286137
 32
0.0
 13
1818.036327
 23
465.286137
 33
0.0
  0
MTEXT
  5
D79F
330
D794
100
AcDbEntity
  8
0
 62
     2
100
AcDbMText
 10
1869.180077
 20
475.136137
 30
0.0
 40
12.5
 41
0.0
 46
0.0
 71
     5
 72
     1
  1
%%c3.23
 73
     1
 44
1.0
  0
POINT
  5
D7A0
330
D794
100
AcDbEntity
  8
Defpoints
 62
     0
100
AcDbPoint
 10
1805.116327
 20
747.646143
 30
0.0
  0
POINT
  5
D7A1
330
D794
100
AcDbEntity
  8
Defpoints
 62
     0
100
AcDbPoint
 10
1818.036327
 20
748.086809
 30
0.0
  0
POINT
  5
D7A7
330
D794
100
AcDbEntity
  8
Defpoints
 62
     0
100
AcDbPoint
 10
1818.036327
 20
465.286137
 30
0.0
  0
ENDBLK
  5
D796
330
D794
100
AcDbEntity
  8
0
100
AcDbBlockEnd
  0
BLOCK
  5
D7AA
330
D7A9
100
AcDbEntity
  8
0
100
AcDbBlockBegin
  2
*D8
 70
     1
 10
0.0
 20
0.0
 30
0.0
  3
*D8
  1

  0
LINE
  5
D7AC
330
D7A9
100
AcDbEntity
  8
0
 62
     3
370
    -2
100
AcDbLine
 10
1814.701327
 20
747.857336
 30
0.0
 11
2099.392471
 21
747.857336
 31
0.0
  0
LINE
  5
D7AD
330
D7A9
100
AcDbEntity
  8
0
 62
     3
370
    -2
100
AcDbLine
 10
1821.161327
 20
807.854362
 30
0.0
 11
2099.392471
 21
807.854362
 31
0.0
  0
LINE
  5
D7AE
330
D7A9
100
AcDbEntity
  8
0
 62
     3
370
    -2
100
AcDbLine
 10
2093.142471
 20
760.357336
 30
0.0
 11
2093.142471
 21
795.354362
 31
0.0
  0
SOLID
  5
D7AF
330
D7A9
100
AcDbEntity
  8
0
 62
     3
100
AcDbTrace
 10
2091.059137
 20
760.357336
 30
0.0
 11
2095.225804
 21
760.357336
 31
0.0
 12
2093.142471
 22
747.857336
 32
0.0
 13
2093.142471
 23
747.857336
 33
0.0
  0
SOLID
  5
D7B0
330
D7A9
100
AcDbEntity
  8
0
 62
     3
100
AcDbTrace
 10
2095.225804
 20
795.354362
 30
0.0
 11
2091.059137
 21
795.354362
 31
0.0
 12
2093.142471
 22
807.854362
 32
0.0
 13
2093.142471
 23
807.854362
 33
0.0
  0
MTEXT
  5
D7B1
330
D7A9
100
AcDbEntity
  8
0
 62
     2
100
AcDbMText
 10
2083.636221
 20
777.855849
 30
0.0
 40
12.5
 41
0.0
 46
0.0
 71
     5
 72
     1
  1
15
 11
0.0
 21
1.0
 31
0.0
 73
     1
 44
1.0
  0
POINT
  5
D7B2
330
D7A9
100
AcDbEntity
  8
Defpoints
 62
     0
100
AcDbPoint
 10
1811.576327
 20
747.857336
 30
0.0
  0
POINT
  5
D7B3
330
D7A9
100
AcDbEntity
  8
Defpoints
 62
     0
100
AcDbPoint
 10
1818.036327
 20
807.854362
 30
0.0
  0
POINT
  5
D7B4
330
D7A9
100
AcDbEntity
  8
Defpoints
 62
     0
100
AcDbPoint
 10
2093.142471
 20
807.854362
 30
0.0
  0
ENDBLK
  5
D7AB
330
D7A9
100
AcDbEntity
  8
0
100
AcDbBlockEnd
  0
BLOCK
  5
D7B8
330
D7B7
100
AcDbEntity
  8
0
100
AcDbBlockBegin
  2
*D9
 70
     1
 10
0.0
 20
0.0
 30
0.0
  3
*D9
  1

  0
LINE
  5
D7BA
330
D7B7
100
AcDbEntity
  8
0
 62
     3
370
    -2
100
AcDbLine
 10
890.254348
 20
1674.816798
 30
0.0
 11
875.313372
 21
1674.816798
 31
0.0
  0
LINE
  5
D7BB
330
D7B7
100
AcDbEntity
  8
0
 62
     3
370
    -2
100
AcDbLine
 10
892.823039
 20
1804.816798
 30
0.0
 11
875.313372
 21
1804.816798
 31
0.0
  0
LINE
  5
D7BC
330
D7B7
100
AcDbEntity
  8
0
 62
     3
370
    -2
100
AcDbLine
 10
881.563372
 20
1687.316798
 30
0.0
 11
881.563372
 21
1792.316798
 31
0.0
  0
SOLID
  5
D7BD
330
D7B7
100
AcDbEntity
  8
0
 62
     3
100
AcDbTrace
 10
879.480039
 20
1687.316798
 30
0.0
 11
883.646705
 21
1687.316798
 31
0.0
 12
881.563372
 22
1674.816798
 32
0.0
 13
881.563372
 23
1674.816798
 33
0.0
  0
SOLID
  5
D7BE
330
D7B7
100
AcDbEntity
  8
0
 62
     3
100
AcDbTrace
 10
883.646705
 20
1792.316798
 30
0.0
 11
879.480039
 21
1792.316798
 31
0.0
 12
881.563372
 22
1804.816798
 32
0.0
 13
881.563372
 23
1804.816798
 33
0.0
  0
MTEXT
  5
D7C1
330
D7B7
100
AcDbEntity
  8
0
 62
     2
100
AcDbMText
 10
871.713372
 20
1739.816798
 30
0.0
 40
12.5
 41
0.0
 46
0.0
 71
     5
 72
     1
  1
%%C130
 11
0.0
 21
1.0
 31
0.0
 73
     1
 44
1.0
  0
POINT
  5
D7C2
330
D7B7
100
AcDbEntity
  8
Defpoints
 62
     0
100
AcDbPoint
 10
893.379348
 20
1674.816798
 30
0.0
  0
POINT
  5
D805
330
D7B7
100
AcDbEntity
  8
Defpoints
 62
     0
100
AcDbPoint
 10
895.948039
 20
1804.816798
 30
0.0
  0
POINT
  5
D807
330
D7B7
100
AcDbEntity
  8
Defpoints
 62
     0
100
AcDbPoint
 10
881.563372
 20
1804.816798
 30
0.0
  0
ENDBLK
  5
D7B9
330
D7B7
100
AcDbEntity
  8
0
100
AcDbBlockEnd
  0
BLOCK
  5
D7C5
330
D7C4
100
AcDbEntity
  8
0
100
AcDbBlockBegin
  2
*D10
 70
     1
 10
0.0
 20
0.0
 30
0.0
  3
*D10
  1

  0
LINE
  5
D7C7
330
D7C4
100
AcDbEntity
  8
0
 62
     3
370
    -2
100
AcDbLine
 10
979.131038
 20
1814.816798
 30
0.0
 11
968.299967
 21
1814.816798
 31
0.0
  0
LINE
  5
D7C8
330
D7C4
100
AcDbEntity
  8
0
 62
     3
370
    -2
100
AcDbLine
 10
976.562348
 20
1664.816798
 30
0.0
 11
968.299967
 21
1664.816798
 31
0.0
  0
LINE
  5
D7C9
330
D7C4
100
AcDbEntity
  8
0
 62
     3
370
    -2
100
AcDbLine
 10
974.549967
 20
1802.316798
 30
0.0
 11
974.549967
 21
1677.316798
 31
0.0
  0
SOLID
  5
D7CA
330
D7C4
100
AcDbEntity
  8
0
 62
     3
100
AcDbTrace
 10
976.6333
 20
1802.316798
 30
0.0
 11
972.466634
 21
1802.316798
 31
0.0
 12
974.549967
 22
1814.816798
 32
0.0
 13
974.549967
 23
1814.816798
 33
0.0
  0
SOLID
  5
D7CB
330
D7C4
100
AcDbEntity
  8
0
 62
     3
100
AcDbTrace
 10
972.466634
 20
1677.316798
 30
0.0
 11
976.6333
 21
1677.316798
 31
0.0
 12
974.549967
 22
1664.816798
 32
0.0
 13
974.549967
 23
1664.816798
 33
0.0
  0
MTEXT
  5
D7CD
330
D7C4
100
AcDbEntity
  8
0
 62
     2
100
AcDbMText
 10
964.699967
 20
1739.816798
 30
0.0
 40
12.5
 41
0.0
 46
0.0
 71
     5
 72
     1
  1
%%C150
 11
0.0
 21
1.0
 31
0.0
 73
     1
 44
1.0
  0
POINT
  5
D7CE
330
D7C4
100
AcDbEntity
  8
Defpoints
 62
     0
100
AcDbPoint
 10
982.256038
 20
1814.816798
 30
0.0
  0
POINT
  5
D7CF
330
D7C4
100
AcDbEntity
  8
Defpoints
 62
     0
100
AcDbPoint
 10
979.687348
 20
1664.816798
 30
0.0
  0
POINT
  5
D809
330
D7C4
100
AcDbEntity
  8
Defpoints
 62
     0
100
AcDbPoint
 10
974.549967
 20
1664.816798
 30
0.0
  0
ENDBLK
  5
D7C6
330
D7C4
100
AcDbEntity
  8
0
100
AcDbBlockEnd
  0
BLOCK
  5
D7D2
330
D7D1
100
AcDbEntity
  8
0
100
AcDbBlockBegin
  2
*D11
 70
     1
 10
0.0
 20
0.0
 30
0.0
  3
*D11
  1

  0
LINE
  5
D7D4
330
D7D1
100
AcDbEntity
  8
0
 62
     3
370
    -2
100
AcDbLine
 10
1569.665648
 20
1829.816798
 30
0.0
 11
1593.905283
 21
1829.816798
 31
0.0
  0
LINE
  5
D7D5
330
D7D1
100
AcDbEntity
  8
0
 62
     3
370
    -2
100
AcDbLine
 10
1572.295987
 20
1649.816798
 30
0.0
 11
1593.905283
 21
1649.816798
 31
0.0
  0
LINE
  5
D7D6
330
D7D1
100
AcDbEntity
  8
0
 62
     3
370
    -2
100
AcDbLine
 10
1587.655283
 20
1817.316798
 30
0.0
 11
1587.655283
 21
1662.316798
 31
0.0
  0
SOLID
  5
D7D7
330
D7D1
100
AcDbEntity
  8
0
 62
     3
100
AcDbTrace
 10
1589.738617
 20
1817.316798
 30
0.0
 11
1585.57195
 21
1817.316798
 31
0.0
 12
1587.655283
 22
1829.816798
 32
0.0
 13
1587.655283
 23
1829.816798
 33
0.0
  0
SOLID
  5
D7D8
330
D7D1
100
AcDbEntity
  8
0
 62
     3
100
AcDbTrace
 10
1585.57195
 20
1662.316798
 30
0.0
 11
1589.738617
 21
1662.316798
 31
0.0
 12
1587.655283
 22
1649.816798
 32
0.0
 13
1587.655283
 23
1649.816798
 33
0.0
  0
MTEXT
  5
D7DA
330
D7D1
100
AcDbEntity
  8
0
 62
     2
100
AcDbMText
 10
1577.805283
 20
1739.816798
 30
0.0
 40
12.5
 41
0.0
 46
0.0
 71
     5
 72
     1
  1
%%C180
 11
0.0
 21
1.0
 31
0.0
 73
     1
 44
1.0
  0
POINT
  5
D7DB
330
D7D1
100
AcDbEntity
  8
Defpoints
 62
     0
100
AcDbPoint
 10
1566.540648
 20
1829.816798
 30
0.0
  0
POINT
  5
D7DC
330
D7D1
100
AcDbEntity
  8
Defpoints
 62
     0
100
AcDbPoint
 10
1569.170987
 20
1649.816798
 30
0.0
  0
POINT
  5
D80B
330
D7D1
100
AcDbEntity
  8
Defpoints
 62
     0
100
AcDbPoint
 10
1587.655283
 20
1649.816798
 30
0.0
  0
ENDBLK
  5
D7D3
330
D7D1
100
AcDbEntity
  8
0
100
AcDbBlockEnd
  0
BLOCK
  5
D80E
330
D80D
100
AcDbEntity
  8
0
100
AcDbBlockBegin
  2
*D12
 70
     1
 10
0.0
 20
0.0
 30
0.0
  3
*D12
  1

  0
LINE
  5
D810
330
D80D
100
AcDbEntity
  8
0
 62
     3
370
    -2
100
AcDbLine
 10
2052.332862
 20
1829.816798
 30
0.0
 11
2076.572497
 21
1829.816798
 31
0.0
  0
LINE
  5
D811
330
D80D
100
AcDbEntity
  8
0
 62
     3
370
    -2
100
AcDbLine
 10
2054.963201
 20
1649.816798
 30
0.0
 11
2076.572497
 21
1649.816798
 31
0.0
  0
LINE
  5
D812
330
D80D
100
AcDbEntity
  8
0
 62
     3
370
    -2
100
AcDbLine
 10
2070.322497
 20
1817.316798
 30
0.0
 11
2070.322497
 21
1662.316798
 31
0.0
  0
SOLID
  5
D813
330
D80D
100
AcDbEntity
  8
0
 62
     3
100
AcDbTrace
 10
2072.405831
 20
1817.316798
 30
0.0
 11
2068.239164
 21
1817.316798
 31
0.0
 12
2070.322497
 22
1829.816798
 32
0.0
 13
2070.322497
 23
1829.816798
 33
0.0
  0
SOLID
  5
D814
330
D80D
100
AcDbEntity
  8
0
 62
     3
100
AcDbTrace
 10
2068.239164
 20
1662.316798
 30
0.0
 11
2072.405831
 21
1662.316798
 31
0.0
 12
2070.322497
 22
1649.816798
 32
0.0
 13
2070.322497
 23
1649.816798
 33
0.0
  0
MTEXT
  5
D815
330
D80D
100
AcDbEntity
  8
0
 62
     2
100
AcDbMText
 10
2060.472497
 20
1739.816798
 30
0.0
 40
12.5
 41
0.0
 46
0.0
 71
     5
 72
     1
  1
%%C180
 11
0.0
 21
1.0
 31
0.0
 73
     1
 44
1.0
  0
POINT
  5
D816
330
D80D
100
AcDbEntity
  8
Defpoints
 62
     0
100
AcDbPoint
 10
2049.207862
 20
1829.816798
 30
0.0
  0
POINT
  5
D817
330
D80D
100
AcDbEntity
  8
Defpoints
 62
     0
100
AcDbPoint
 10
2051.838201
 20
1649.816798
 30
0.0
  0
POINT
  5
D818
330
D80D
100
AcDbEntity
  8
Defpoints
 62
     0
100
AcDbPoint
 10
2070.322497
 20
1649.816798
 30
0.0
  0
ENDBLK
  5
D80F
330
D80D
100
AcDbEntity
  8
0
100
AcDbBlockEnd
  0
BLOCK
  5
D81B
330
D81A
100
AcDbEntity
  8
0
100
AcDbBlockBegin
  2
*D13
 70
     1
 10
0.0
 20
0.0
 30
0.0
  3
*D13
  1

  0
LINE
  5
D81D
330
D81A
100
AcDbEntity
  8
0
 62
     3
370
    -2
100
AcDbLine
 10
2670.439042
 20
1814.816798
 30
0.0
 11
2659.607971
 21
1814.816798
 31
0.0
  0
LINE
  5
D81E
330
D81A
100
AcDbEntity
  8
0
 62
     3
370
    -2
100
AcDbLine
 10
2667.870352
 20
1664.816798
 30
0.0
 11
2659.607971
 21
1664.816798
 31
0.0
  0
LINE
  5
D81F
330
D81A
100
AcDbEntity
  8
0
 62
     3
370
    -2
100
AcDbLine
 10
2665.857971
 20
1802.316798
 30
0.0
 11
2665.857971
 21
1677.316798
 31
0.0
  0
SOLID
  5
D820
330
D81A
100
AcDbEntity
  8
0
 62
     3
100
AcDbTrace
 10
2667.941304
 20
1802.316798
 30
0.0
 11
2663.774637
 21
1802.316798
 31
0.0
 12
2665.857971
 22
1814.816798
 32
0.0
 13
2665.857971
 23
1814.816798
 33
0.0
  0
SOLID
  5
D821
330
D81A
100
AcDbEntity
  8
0
 62
     3
100
AcDbTrace
 10
2663.774637
 20
1677.316798
 30
0.0
 11
2667.941304
 21
1677.316798
 31
0.0
 12
2665.857971
 22
1664.816798
 32
0.0
 13
2665.857971
 23
1664.816798
 33
0.0
  0
MTEXT
  5
D822
330
D81A
100
AcDbEntity
  8
0
 62
     2
100
AcDbMText
 10
2656.007971
 20
1739.816798
 30
0.0
 40
12.5
 41
0.0
 46
0.0
 71
     5
 72
     1
  1
%%C150
 11
0.0
 21
1.0
 31
0.0
 73
     1
 44
1.0
  0
POINT
  5
D823
330
D81A
100
AcDbEntity
  8
Defpoints
 62
     0
100
AcDbPoint
 10
2673.564042
 20
1814.816798
 30
0.0
  0
POINT
  5
D824
330
D81A
100
AcDbEntity
  8
Defpoints
 62
     0
100
AcDbPoint
 10
2670.995352
 20
1664.816798
 30
0.0
  0
POINT
  5
D825
330
D81A
100
AcDbEntity
  8
Defpoints
 62
     0
100
AcDbPoint
 10
2665.857971
 20
1664.816798
 30
0.0
  0
ENDBLK
  5
D81C
330
D81A
100
AcDbEntity
  8
0
100
AcDbBlockEnd
  0
BLOCK
  5
D828
330
D827
100
AcDbEntity
  8
0
100
AcDbBlockBegin
  2
*D14
 70
     1
 10
0.0
 20
0.0
 30
0.0
  3
*D14
  1

  0
LINE
  5
D82A
330
D827
100
AcDbEntity
  8
0
 62
     3
370
    -2
100
AcDbLine
 10
2770.946763
 20
1674.816798
 30
0.0
 11
2756.005787
 21
1674.816798
 31
0.0
  0
LINE
  5
D82B
330
D827
100
AcDbEntity
  8
0
 62
     3
370
    -2
100
AcDbLine
 10
2773.515453
 20
1804.816798
 30
0.0
 11
2756.005787
 21
1804.816798
 31
0.0
  0
LINE
  5
D82C
330
D827
100
AcDbEntity
  8
0
 62
     3
370
    -2
100
AcDbLine
 10
2762.255787
 20
1687.316798
 30
0.0
 11
2762.255787
 21
1792.316798
 31
0.0
  0
SOLID
  5
D82D
330
D827
100
AcDbEntity
  8
0
 62
     3
100
AcDbTrace
 10
2760.172453
 20
1687.316798
 30
0.0
 11
2764.33912
 21
1687.316798
 31
0.0
 12
2762.255787
 22
1674.816798
 32
0.0
 13
2762.255787
 23
1674.816798
 33
0.0
  0
SOLID
  5
D82E
330
D827
100
AcDbEntity
  8
0
 62
     3
100
AcDbTrace
 10
2764.33912
 20
1792.316798
 30
0.0
 11
2760.172453
 21
1792.316798
 31
0.0
 12
2762.255787
 22
1804.816798
 32
0.0
 13
2762.255787
 23
1804.816798
 33
0.0
  0
MTEXT
  5
D82F
330
D827
100
AcDbEntity
  8
0
 62
     2
100
AcDbMText
 10
2752.405787
 20
1739.816798
 30
0.0
 40
12.5
 41
0.0
 46
0.0
 71
     5
 72
     1
  1
%%C130
 11
0.0
 21
1.0
 31
0.0
 73
     1
 44
1.0
  0
POINT
  5
D830
330
D827
100
AcDbEntity
  8
Defpoints
 62
     0
100
AcDbPoint
 10
2774.071763
 20
1674.816798
 30
0.0
  0
POINT
  5
D831
330
D827
100
AcDbEntity
  8
Defpoints
 62
     0
100
AcDbPoint
 10
2776.640453
 20
1804.816798
 30
0.0
  0
POINT
  5
D832
330
D827
100
AcDbEntity
  8
Defpoints
 62
     0
100
AcDbPoint
 10
2762.255787
 20
1804.816798
 30
0.0
  0
ENDBLK
  5
D829
330
D827
100
AcDbEntity
  8
0
100
AcDbBlockEnd
  0
BLOCK
  5
11DBD
330
11DBC
100
AcDbEntity
  8
0
100
AcDbBlockBegin
  2
*D15
 70
     1
 10
0.0
 20
0.0
 30
0.0
  3
*D15
  1

  0
LINE
  5
11DBF
330
11DBC
100
AcDbEntity
  8
0
 62
     3
370
    -2
100
AcDbLine
 10
771.549507
 20
4335.73418
 30
0.0
 11
771.549507
 21
4185.850474
 31
0.0
  0
LINE
  5
11DC0
330
11DBC
100
AcDbEntity
  8
0
 62
     3
370
    -2
100
AcDbLine
 10
961.549461
 20
4330.031704
 30
0.0
 11
961.549461
 21
4185.850474
 31
0.0
  0
LINE
  5
11DC1
330
11DBC
100
AcDbEntity
  8
0
 62
     3
370
    -2
100
AcDbLine
 10
784.049507
 20
4192.100474
 30
0.0
 11
949.049461
 21
4192.100474
 31
0.0
  0
SOLID
  5
11DC2
330
11DBC
100
AcDbEntity
  8
0
 62
     3
100
AcDbTrace
 10
784.049507
 20
4194.183807
 30
0.0
 11
784.049507
 21
4190.01714
 31
0.0
 12
771.549507
 22
4192.100474
 32
0.0
 13
771.549507
 23
4192.100474
 33
0.0
  0
SOLID
  5
11DC3
330
11DBC
100
AcDbEntity
  8
0
 62
     3
100
AcDbTrace
 10
949.049461
 20
4190.01714
 30
0.0
 11
949.049461
 21
4194.183807
 31
0.0
 12
961.549461
 22
4192.100474
 32
0.0
 13
961.549461
 23
4192.100474
 33
0.0
  0
MTEXT
  5
11DC4
330
11DBC
100
AcDbEntity
  8
0
 62
     2
100
AcDbMText
 10
866.549484
 20
4201.606724
 30
0.0
 40
12.5
 41
0.0
 46
0.0
 71
     5
 72
     1
  1
190
 73
     1
 44
1.0
  0
POINT
  5
11DC5
330
11DBC
100
AcDbEntity
  8
Defpoints
 62
     0
100
AcDbPoint
 10
771.549507
 20
4338.85918
 30
0.0
  0
POINT
  5
11DC6
330
11DBC
100
AcDbEntity
  8
Defpoints
 62
     0
100
AcDbPoint
 10
961.549461
 20
4333.156704
 30
0.0
  0
POINT
  5
11DC7
330
11DBC
100
AcDbEntity
  8
Defpoints
 62
     0
100
AcDbPoint
 10
961.549461
 20
4192.100474
 30
0.0
  0
ENDBLK
  5
11DBE
330
11DBC
100
AcDbEntity
  8
0
100
AcDbBlockEnd
  0
BLOCK
  5
11DC9
330
11DC8
100
AcDbEntity
  8
0
100
AcDbBlockBegin
  2
*D16
 70
     1
 10
0.0
 20
0.0
 30
0.0
  3
*D16
  1

  0
LINE
  5
11DCB
330
11DC8
100
AcDbEntity
  8
0
 62
     3
370
    -2
100
AcDbLine
 10
771.549507
 20
4335.73418
 30
0.0
 11
771.549507
 21
4129.231726
 31
0.0
  0
LINE
  5
11DCC
330
11DC8
100
AcDbEntity
  8
0
 62
     3
370
    -2
100
AcDbLine
 10
1024.549536
 20
4320.168701
 30
0.0
 11
1024.549536
 21
4129.231726
 31
0.0
  0
LINE
  5
11DCD
330
11DC8
100
AcDbEntity
  8
0
 62
     3
370
    -2
100
AcDbLine
 10
784.049507
 20
4135.481726
 30
0.0
 11
1012.049536
 21
4135.481726
 31
0.0
  0
SOLID
  5
11DCE
330
11DC8
100
AcDbEntity
  8
0
 62
     3
100
AcDbTrace
 10
784.049507
 20
4137.56506
 30
0.0
 11
784.049507
 21
4133.398393
 31
0.0
 12
771.549507
 22
4135.481726
 32
0.0
 13
771.549507
 23
4135.481726
 33
0.0
  0
SOLID
  5
11DCF
330
11DC8
100
AcDbEntity
  8
0
 62
     3
100
AcDbTrace
 10
1012.049536
 20
4133.398393
 30
0.0
 11
1012.049536
 21
4137.56506
 31
0.0
 12
1024.549536
 22
4135.481726
 32
0.0
 13
1024.549536
 23
4135.481726
 33
0.0
  0
MTEXT
  5
11DD0
330
11DC8
100
AcDbEntity
  8
0
 62
     2
100
AcDbMText
 10
898.049522
 20
4144.987976
 30
0.0
 40
12.5
 41
0.0
 46
0.0
 71
     5
 72
     1
  1
253
 73
     1
 44
1.0
  0
POINT
  5
11DD1
330
11DC8
100
AcDbEntity
  8
Defpoints
 62
     0
100
AcDbPoint
 10
771.549507
 20
4338.85918
 30
0.0
  0
POINT
  5
11DD2
330
11DC8
100
AcDbEntity
  8
Defpoints
 62
     0
100
AcDbPoint
 10
1024.549536
 20
4323.293701
 30
0.0
  0
POINT
  5
11DD3
330
11DC8
100
AcDbEntity
  8
Defpoints
 62
     0
100
AcDbPoint
 10
1024.549536
 20
4135.481726
 30
0.0
  0
ENDBLK
  5
11DCA
330
11DC8
100
AcDbEntity
  8
0
100
AcDbBlockEnd
  0
BLOCK
  5
11DD5
330
11DD4
100
AcDbEntity
  8
0
100
AcDbBlockBegin
  2
*D17
 70
     1
 10
0.0
 20
0.0
 30
0.0
  3
*D17
  1

  0
LINE
  5
11DD7
330
11DD4
100
AcDbEntity
  8
0
 62
     3
370
    -2
100
AcDbLine
 10
771.549461
 20
4085.907865
 30
0.0
 11
771.549461
 21
4077.940115
 31
0.0
  0
LINE
  5
11DD8
330
11DD4
100
AcDbEntity
  8
0
 62
     3
370
    -2
100
AcDbLine
 10
1295.549507
 20
4307.553593
 30
0.0
 11
1295.549507
 21
4077.940115
 31
0.0
  0
LINE
  5
11DD9
330
11DD4
100
AcDbEntity
  8
0
 62
     3
370
    -2
100
AcDbLine
 10
784.049461
 20
4084.190115
 30
0.0
 11
1283.049507
 21
4084.190115
 31
0.0
  0
SOLID
  5
11DDA
330
11DD4
100
AcDbEntity
  8
0
 62
     3
100
AcDbTrace
 10
784.049461
 20
4086.273448
 30
0.0
 11
784.049461
 21
4082.106782
 31
0.0
 12
771.549461
 22
4084.190115
 32
0.0
 13
771.549461
 23
4084.190115
 33
0.0
  0
SOLID
  5
11DDB
330
11DD4
100
AcDbEntity
  8
0
 62
     3
100
AcDbTrace
 10
1283.049507
 20
4082.106782
 30
0.0
 11
1283.049507
 21
4086.273448
 31
0.0
 12
1295.549507
 22
4084.190115
 32
0.0
 13
1295.549507
 23
4084.190115
 33
0.0
  0
MTEXT
  5
11DDC
330
11DD4
100
AcDbEntity
  8
0
 62
     2
100
AcDbMText
 10
1033.549484
 20
4093.696365
 30
0.0
 40
12.5
 41
0.0
 46
0.0
 71
     5
 72
     1
  1
524
 73
     1
 44
1.0
  0
POINT
  5
11DDD
330
11DD4
100
AcDbEntity
  8
Defpoints
 62
     0
100
AcDbPoint
 10
771.549461
 20
4089.032865
 30
0.0
  0
POINT
  5
11DDE
330
11DD4
100
AcDbEntity
  8
Defpoints
 62
     0
100
AcDbPoint
 10
1295.549507
 20
4310.678593
 30
0.0
  0
POINT
  5
11DDF
330
11DD4
100
AcDbEntity
  8
Defpoints
 62
     0
100
AcDbPoint
 10
1295.549507
 20
4084.190115
 30
0.0
  0
ENDBLK
  5
11DD6
330
11DD4
100
AcDbEntity
  8
0
100
AcDbBlockEnd
  0
BLOCK
  5
11DE1
330
11DE0
100
AcDbEntity
  8
0
100
AcDbBlockBegin
  2
*D18
 70
     1
 10
0.0
 20
0.0
 30
0.0
  3
*D18
  1

  0
LINE
  5
11DE3
330
11DE0
100
AcDbEntity
  8
0
 62
     3
370
    -2
100
AcDbLine
 10
771.549507
 20
4335.73418
 30
0.0
 11
771.549507
 21
4029.278843
 31
0.0
  0
LINE
  5
11DE4
330
11DE0
100
AcDbEntity
  8
0
 62
     3
370
    -2
100
AcDbLine
 10
2071.549507
 20
4307.663759
 30
0.0
 11
2071.549507
 21
4029.278843
 31
0.0
  0
LINE
  5
11DE5
330
11DE0
100
AcDbEntity
  8
0
 62
     3
370
    -2
100
AcDbLine
 10
784.049507
 20
4035.528843
 30
0.0
 11
2059.049507
 21
4035.528843
 31
0.0
  0
SOLID
  5
11DE6
330
11DE0
100
AcDbEntity
  8
0
 62
     3
100
AcDbTrace
 10
784.049507
 20
4037.612176
 30
0.0
 11
784.049507
 21
4033.445509
 31
0.0
 12
771.549507
 22
4035.528843
 32
0.0
 13
771.549507
 23
4035.528843
 33
0.0
  0
SOLID
  5
11DE7
330
11DE0
100
AcDbEntity
  8
0
 62
     3
100
AcDbTrace
 10
2059.049507
 20
4033.445509
 30
0.0
 11
2059.049507
 21
4037.612176
 31
0.0
 12
2071.549507
 22
4035.528843
 32
0.0
 13
2071.549507
 23
4035.528843
 33
0.0
  0
MTEXT
  5
11DE8
330
11DE0
100
AcDbEntity
  8
0
 62
     2
100
AcDbMText
 10
1421.549507
 20
4045.035093
 30
0.0
 40
12.5
 41
0.0
 46
0.0
 71
     5
 72
     1
  1
1300
 73
     1
 44
1.0
  0
POINT
  5
11DE9
330
11DE0
100
AcDbEntity
  8
Defpoints
 62
     0
100
AcDbPoint
 10
771.549507
 20
4338.85918
 30
0.0
  0
POINT
  5
11DEA
330
11DE0
100
AcDbEntity
  8
Defpoints
 62
     0
100
AcDbPoint
 10
2071.549507
 20
4310.788759
 30
0.0
  0
POINT
  5
11DEB
330
11DE0
100
AcDbEntity
  8
Defpoints
 62
     0
100
AcDbPoint
 10
2071.549507
 20
4035.528843
 30
0.0
  0
ENDBLK
  5
11DE2
330
11DE0
100
AcDbEntity
  8
0
100
AcDbBlockEnd
  0
BLOCK
  5
11DED
330
11DEC
100
AcDbEntity
  8
0
100
AcDbBlockBegin
  2
*D19
 70
     1
 10
0.0
 20
0.0
 30
0.0
  3
*D19
  1

  0
LINE
  5
11DEF
330
11DEC
100
AcDbEntity
  8
0
 62
     3
370
    -2
100
AcDbLine
 10
771.549507
 20
4335.73418
 30
0.0
 11
771.549507
 21
3984.627547
 31
0.0
  0
LINE
  5
11DF0
330
11DEC
100
AcDbEntity
  8
0
 62
     3
370
    -2
100
AcDbLine
 10
2678.549552
 20
4320.031707
 30
0.0
 11
2678.549552
 21
3984.627547
 31
0.0
  0
LINE
  5
11DF1
330
11DEC
100
AcDbEntity
  8
0
 62
     3
370
    -2
100
AcDbLine
 10
784.049507
 20
3990.877547
 30
0.0
 11
2666.049552
 21
3990.877547
 31
0.0
  0
SOLID
  5
11DF2
330
11DEC
100
AcDbEntity
  8
0
 62
     3
100
AcDbTrace
 10
784.049507
 20
3992.96088
 30
0.0
 11
784.049507
 21
3988.794213
 31
0.0
 12
771.549507
 22
3990.877547
 32
0.0
 13
771.549507
 23
3990.877547
 33
0.0
  0
SOLID
  5
11DF3
330
11DEC
100
AcDbEntity
  8
0
 62
     3
100
AcDbTrace
 10
2666.049552
 20
3988.794213
 30
0.0
 11
2666.049552
 21
3992.96088
 31
0.0
 12
2678.549552
 22
3990.877547
 32
0.0
 13
2678.549552
 23
3990.877547
 33
0.0
  0
MTEXT
  5
11DF4
330
11DEC
100
AcDbEntity
  8
0
 62
     2
100
AcDbMText
 10
1725.049529
 20
4000.383797
 30
0.0
 40
12.5
 41
0.0
 46
0.0
 71
     5
 72
     1
  1
1907
 73
     1
 44
1.0
  0
POINT
  5
11DF5
330
11DEC
100
AcDbEntity
  8
Defpoints
 62
     0
100
AcDbPoint
 10
771.549507
 20
4338.85918
 30
0.0
  0
POINT
  5
11DF6
330
11DEC
100
AcDbEntity
  8
Defpoints
 62
     0
100
AcDbPoint
 10
2678.549552
 20
4323.156707
 30
0.0
  0
POINT
  5
11DF7
330
11DEC
100
AcDbEntity
  8
Defpoints
 62
     0
100
AcDbPoint
 10
2678.549552
 20
3990.877547
 30
0.0
  0
ENDBLK
  5
11DEE
330
11DEC
100
AcDbEntity
  8
0
100
AcDbBlockEnd
  0
BLOCK
  5
11DF9
330
11DF8
100
AcDbEntity
  8
0
100
AcDbBlockBegin
  2
*D20
 70
     1
 10
0.0
 20
0.0
 30
0.0
  3
*D20
  1

  0
LINE
  5
11DFB
330
11DF8
100
AcDbEntity
  8
0
 62
     3
370
    -2
100
AcDbLine
 10
771.549507
 20
4335.73418
 30
0.0
 11
771.549507
 21
3939.911783
 31
0.0
  0
LINE
  5
11DFC
330
11DF8
100
AcDbEntity
  8
0
 62
     3
370
    -2
100
AcDbLine
 10
2741.549461
 20
4330.031704
 30
0.0
 11
2741.549461
 21
3939.911783
 31
0.0
  0
LINE
  5
11DFD
330
11DF8
100
AcDbEntity
  8
0
 62
     3
370
    -2
100
AcDbLine
 10
784.049507
 20
3946.161783
 30
0.0
 11
2729.049461
 21
3946.161783
 31
0.0
  0
SOLID
  5
11DFE
330
11DF8
100
AcDbEntity
  8
0
 62
     3
100
AcDbTrace
 10
784.049507
 20
3948.245116
 30
0.0
 11
784.049507
 21
3944.07845
 31
0.0
 12
771.549507
 22
3946.161783
 32
0.0
 13
771.549507
 23
3946.161783
 33
0.0
  0
SOLID
  5
11DFF
330
11DF8
100
AcDbEntity
  8
0
 62
     3
100
AcDbTrace
 10
2729.049461
 20
3944.07845
 30
0.0
 11
2729.049461
 21
3948.245116
 31
0.0
 12
2741.549461
 22
3946.161783
 32
0.0
 13
2741.549461
 23
3946.161783
 33
0.0
  0
MTEXT
  5
11E00
330
11DF8
100
AcDbEntity
  8
0
 62
     2
100
AcDbMText
 10
1756.549484
 20
3955.668033
 30
0.0
 40
12.5
 41
0.0
 46
0.0
 71
     5
 72
     1
  1
1970
 73
     1
 44
1.0
  0
POINT
  5
11E01
330
11DF8
100
AcDbEntity
  8
Defpoints
 62
     0
100
AcDbPoint
 10
771.549507
 20
4338.85918
 30
0.0
  0
POINT
  5
11E02
330
11DF8
100
AcDbEntity
  8
Defpoints
 62
     0
100
AcDbPoint
 10
2741.549461
 20
4333.156704
 30
0.0
  0
POINT
  5
11E03
330
11DF8
100
AcDbEntity
  8
Defpoints
 62
     0
100
AcDbPoint
 10
2741.549461
 20
3946.161783
 30
0.0
  0
ENDBLK
  5
11DFA
330
11DF8
100
AcDbEntity
  8
0
100
AcDbBlockEnd
  0
BLOCK
  5
11E05
330
11E04
100
AcDbEntity
  8
0
100
AcDbBlockBegin
  2
*D21
 70
     1
 10
0.0
 20
0.0
 30
0.0
  3
*D21
  1

  0
LINE
  5
11E07
330
11E04
100
AcDbEntity
  8
0
 62
     3
370
    -2
100
AcDbLine
 10
923.34127
 20
4335.85915
 30
0.0
 11
908.400294
 21
4335.85915
 31
0.0
  0
LINE
  5
11E08
330
11E04
100
AcDbEntity
  8
0
 62
     3
370
    -2
100
AcDbLine
 10
925.909961
 20
4465.85915
 30
0.0
 11
908.400294
 21
4465.85915
 31
0.0
  0
LINE
  5
11E09
330
11E04
100
AcDbEntity
  8
0
 62
     3
370
    -2
100
AcDbLine
 10
914.650294
 20
4348.35915
 30
0.0
 11
914.650294
 21
4453.35915
 31
0.0
  0
SOLID
  5
11E0A
330
11E04
100
AcDbEntity
  8
0
 62
     3
100
AcDbTrace
 10
912.566961
 20
4348.35915
 30
0.0
 11
916.733628
 21
4348.35915
 31
0.0
 12
914.650294
 22
4335.85915
 32
0.0
 13
914.650294
 23
4335.85915
 33
0.0
  0
SOLID
  5
11E0B
330
11E04
100
AcDbEntity
  8
0
 62
     3
100
AcDbTrace
 10
916.733628
 20
4453.35915
 30
0.0
 11
912.566961
 21
4453.35915
 31
0.0
 12
914.650294
 22
4465.85915
 32
0.0
 13
914.650294
 23
4465.85915
 33
0.0
  0
MTEXT
  5
11E0C
330
11E04
100
AcDbEntity
  8
0
 62
     2
100
AcDbMText
 10
904.800294
 20
4400.85915
 30
0.0
 40
12.5
 41
0.0
 46
0.0
 71
     5
 72
     1
  1
%%C130
 11
0.0
 21
1.0
 31
0.0
 73
     1
 44
1.0
  0
POINT
  5
11E0D
330
11E04
100
AcDbEntity
  8
Defpoints
 62
     0
100
AcDbPoint
 10
926.46627
 20
4335.85915
 30
0.0
  0
POINT
  5
11E0E
330
11E04
100
AcDbEntity
  8
Defpoints
 62
     0
100
AcDbPoint
 10
929.034961
 20
4465.85915
 30
0.0
  0
POINT
  5
11E0F
330
11E04
100
AcDbEntity
  8
Defpoints
 62
     0
100
AcDbPoint
 10
914.650294
 20
4465.85915
 30
0.0
  0
ENDBLK
  5
11E06
330
11E04
100
AcDbEntity
  8
0
100
AcDbBlockEnd
  0
BLOCK
  5
11E11
330
11E10
100
AcDbEntity
  8
0
100
AcDbBlockBegin
  2
*D22
 70
     1
 10
0.0
 20
0.0
 30
0.0
  3
*D22
  1

  0
LINE
  5
11E13
330
11E10
100
AcDbEntity
  8
0
 62
     3
370
    -2
100
AcDbLine
 10
1012.217961
 20
4475.85915
 30
0.0
 11
1001.386889
 21
4475.85915
 31
0.0
  0
LINE
  5
11E14
330
11E10
100
AcDbEntity
  8
0
 62
     3
370
    -2
100
AcDbLine
 10
1009.64927
 20
4325.85915
 30
0.0
 11
1001.386889
 21
4325.85915
 31
0.0
  0
LINE
  5
11E15
330
11E10
100
AcDbEntity
  8
0
 62
     3
370
    -2
100
AcDbLine
 10
1007.636889
 20
4463.35915
 30
0.0
 11
1007.636889
 21
4338.35915
 31
0.0
  0
SOLID
  5
11E16
330
11E10
100
AcDbEntity
  8
0
 62
     3
100
AcDbTrace
 10
1009.720223
 20
4463.35915
 30
0.0
 11
1005.553556
 21
4463.35915
 31
0.0
 12
1007.636889
 22
4475.85915
 32
0.0
 13
1007.636889
 23
4475.85915
 33
0.0
  0
SOLID
  5
11E17
330
11E10
100
AcDbEntity
  8
0
 62
     3
100
AcDbTrace
 10
1005.553556
 20
4338.35915
 30
0.0
 11
1009.720223
 21
4338.35915
 31
0.0
 12
1007.636889
 22
4325.85915
 32
0.0
 13
1007.636889
 23
4325.85915
 33
0.0
  0
MTEXT
  5
11E18
330
11E10
100
AcDbEntity
  8
0
 62
     2
100
AcDbMText
 10
997.786889
 20
4400.85915
 30
0.0
 40
12.5
 41
0.0
 46
0.0
 71
     5
 72
     1
  1
%%C150
 11
0.0
 21
1.0
 31
0.0
 73
     1
 44
1.0
  0
POINT
  5
11E19
330
11E10
100
AcDbEntity
  8
Defpoints
 62
     0
100
AcDbPoint
 10
1015.342961
 20
4475.85915
 30
0.0
  0
POINT
  5
11E1A
330
11E10
100
AcDbEntity
  8
Defpoints
 62
     0
100
AcDbPoint
 10
1012.77427
 20
4325.85915
 30
0.0
  0
POINT
  5
11E1B
330
11E10
100
AcDbEntity
  8
Defpoints
 62
     0
100
AcDbPoint
 10
1007.636889
 20
4325.85915
 30
0.0
  0
ENDBLK
  5
11E12
330
11E10
100
AcDbEntity
  8
0
100
AcDbBlockEnd
  0
BLOCK
  5
11E35
330
11E34
100
AcDbEntity
  8
0
100
AcDbBlockBegin
  2
*D23
 70
     1
 10
0.0
 20
0.0
 30
0.0
  3
*D23
  1

  0
LINE
  5
11E37
330
11E34
100
AcDbEntity
  8
0
 62
     3
370
    -2
100
AcDbLine
 10
2703.525964
 20
4475.85915
 30
0.0
 11
2692.694893
 21
4475.85915
 31
0.0
  0
LINE
  5
11E38
330
11E34
100
AcDbEntity
  8
0
 62
     3
370
    -2
100
AcDbLine
 10
2700.957274
 20
4325.85915
 30
0.0
 11
2692.694893
 21
4325.85915
 31
0.0
  0
LINE
  5
11E39
330
11E34
100
AcDbEntity
  8
0
 62
     3
370
    -2
100
AcDbLine
 10
2698.944893
 20
4463.35915
 30
0.0
 11
2698.944893
 21
4338.35915
 31
0.0
  0
SOLID
  5
11E3A
330
11E34
100
AcDbEntity
  8
0
 62
     3
100
AcDbTrace
 10
2701.028226
 20
4463.35915
 30
0.0
 11
2696.86156
 21
4463.35915
 31
0.0
 12
2698.944893
 22
4475.85915
 32
0.0
 13
2698.944893
 23
4475.85915
 33
0.0
  0
SOLID
  5
11E3B
330
11E34
100
AcDbEntity
  8
0
 62
     3
100
AcDbTrace
 10
2696.86156
 20
4338.35915
 30
0.0
 11
2701.028226
 21
4338.35915
 31
0.0
 12
2698.944893
 22
4325.85915
 32
0.0
 13
2698.944893
 23
4325.85915
 33
0.0
  0
MTEXT
  5
11E3C
330
11E34
100
AcDbEntity
  8
0
 62
     2
100
AcDbMText
 10
2689.094893
 20
4400.85915
 30
0.0
 40
12.5
 41
0.0
 46
0.0
 71
     5
 72
     1
  1
%%C150
 11
0.0
 21
1.0
 31
0.0
 73
     1
 44
1.0
  0
POINT
  5
11E3D
330
11E34
100
AcDbEntity
  8
Defpoints
 62
     0
100
AcDbPoint
 10
2706.650964
 20
4475.85915
 30
0.0
  0
POINT
  5
11E3E
330
11E34
100
AcDbEntity
  8
Defpoints
 62
     0
100
AcDbPoint
 10
2704.082274
 20
4325.85915
 30
0.0
  0
POINT
  5
11E3F
330
11E34
100
AcDbEntity
  8
Defpoints
 62
     0
100
AcDbPoint
 10
2698.944893
 20
4325.85915
 30
0.0
  0
ENDBLK
  5
11E36
330
11E34
100
AcDbEntity
  8
0
100
AcDbBlockEnd
  0
BLOCK
  5
11E41
330
11E40
100
AcDbEntity
  8
0
100
AcDbBlockBegin
  2
*D24
 70
     1
 10
0.0
 20
0.0
 30
0.0
  3
*D24
  1

  0
LINE
  5
11E43
330
11E40
100
AcDbEntity
  8
0
 62
     3
370
    -2
100
AcDbLine
 10
2804.033685
 20
4335.85915
 30
0.0
 11
2789.092709
 21
4335.85915
 31
0.0
  0
LINE
  5
11E44
330
11E40
100
AcDbEntity
  8
0
 62
     3
370
    -2
100
AcDbLine
 10
2806.602375
 20
4465.85915
 30
0.0
 11
2789.092709
 21
4465.85915
 31
0.0
  0
LINE
  5
11E45
330
11E40
100
AcDbEntity
  8
0
 62
     3
370
    -2
100
AcDbLine
 10
2795.342709
 20
4348.35915
 30
0.0
 11
2795.342709
 21
4453.35915
 31
0.0
  0
SOLID
  5
11E46
330
11E40
100
AcDbEntity
  8
0
 62
     3
100
AcDbTrace
 10
2793.259376
 20
4348.35915
 30
0.0
 11
2797.426042
 21
4348.35915
 31
0.0
 12
2795.342709
 22
4335.85915
 32
0.0
 13
2795.342709
 23
4335.85915
 33
0.0
  0
SOLID
  5
11E47
330
11E40
100
AcDbEntity
  8
0
 62
     3
100
AcDbTrace
 10
2797.426042
 20
4453.35915
 30
0.0
 11
2793.259376
 21
4453.35915
 31
0.0
 12
2795.342709
 22
4465.85915
 32
0.0
 13
2795.342709
 23
4465.85915
 33
0.0
  0
MTEXT
  5
11E48
330
11E40
100
AcDbEntity
  8
0
 62
     2
100
AcDbMText
 10
2785.492709
 20
4400.85915
 30
0.0
 40
12.5
 41
0.0
 46
0.0
 71
     5
 72
     1
  1
%%C130
 11
0.0
 21
1.0
 31
0.0
 73
     1
 44
1.0
  0
POINT
  5
11E49
330
11E40
100
AcDbEntity
  8
Defpoints
 62
     0
100
AcDbPoint
 10
2807.158685
 20
4335.85915
 30
0.0
  0
POINT
  5
11E4A
330
11E40
100
AcDbEntity
  8
Defpoints
 62
     0
100
AcDbPoint
 10
2809.727375
 20
4465.85915
 30
0.0
  0
POINT
  5
11E4B
330
11E40
100
AcDbEntity
  8
Defpoints
 62
     0
100
AcDbPoint
 10
2795.342709
 20
4465.85915
 30
0.0
  0
ENDBLK
  5
11E42
330
11E40
100
AcDbEntity
  8
0
100
AcDbBlockEnd
  0
BLOCK
  5
11E7B
330
11E7A
100
AcDbEntity
  8
0
100
AcDbBlockBegin
  2
*D25
 70
     1
 10
0.0
 20
0.0
 30
0.0
  3
*D25
  1

  0
LINE
  5
11E7D
330
11E7A
100
AcDbEntity
  8
0
 62
     3
370
    -2
100
AcDbLine
 10
1816.167648
 20
3388.677537
 30
0.0
 11
1816.167648
 21
3103.192531
 31
0.0
  0
LINE
  5
11E7E
330
11E7A
100
AcDbEntity
  8
0
 62
     3
370
    -2
100
AcDbLine
 10
1829.087648
 20
3389.118203
 30
0.0
 11
1829.087648
 21
3103.192531
 31
0.0
  0
LINE
  5
11E7F
330
11E7A
100
AcDbEntity
  8
0
 62
     3
370
    -2
100
AcDbLine
 10
1841.587648
 20
3109.442531
 30
0.0
 11
1906.375148
 21
3109.442531
 31
0.0
  0
LINE
  5
11E80
330
11E7A
100
AcDbEntity
  8
0
 62
     3
370
    -2
100
AcDbLine
 10
1816.167648
 20
3109.442531
 30
0.0
 11
1829.087648
 21
3109.442531
 31
0.0
  0
LINE
  5
11E81
330
11E7A
100
AcDbEntity
  8
0
 62
     3
370
    -2
100
AcDbLine
 10
1803.667648
 20
3109.442531
 30
0.0
 11
1791.167648
 21
3109.442531
 31
0.0
  0
SOLID
  5
11E82
330
11E7A
100
AcDbEntity
  8
0
 62
     3
100
AcDbTrace
 10
1803.667648
 20
3107.359198
 30
0.0
 11
1803.667648
 21
3111.525865
 31
0.0
 12
1816.167648
 22
3109.442531
 32
0.0
 13
1816.167648
 23
3109.442531
 33
0.0
  0
SOLID
  5
11E83
330
11E7A
100
AcDbEntity
  8
0
 62
     3
100
AcDbTrace
 10
1841.587648
 20
3111.525865
 30
0.0
 11
1841.587648
 21
3107.359198
 31
0.0
 12
1829.087648
 22
3109.442531
 32
0.0
 13
1829.087648
 23
3109.442531
 33
0.0
  0
MTEXT
  5
11E84
330
11E7A
100
AcDbEntity
  8
0
 62
     2
100
AcDbMText
 10
1880.231398
 20
3119.292531
 30
0.0
 40
12.5
 41
0.0
 46
0.0
 71
     5
 72
     1
  1
%%c3.23
 73
     1
 44
1.0
  0
POINT
  5
11E85
330
11E7A
100
AcDbEntity
  8
Defpoints
 62
     0
100
AcDbPoint
 10
1816.167648
 20
3391.802537
 30
0.0
  0
POINT
  5
11E86
330
11E7A
100
AcDbEntity
  8
Defpoints
 62
     0
100
AcDbPoint
 10
1829.087648
 20
3392.243203
 30
0.0
  0
POINT
  5
11E87
330
11E7A
100
AcDbEntity
  8
Defpoints
 62
     0
100
AcDbPoint
 10
1829.087648
 20
3109.442531
 30
0.0
  0
ENDBLK
  5
11E7C
330
11E7A
100
AcDbEntity
  8
0
100
AcDbBlockEnd
  0
BLOCK
  5
11E89
330
11E88
100
AcDbEntity
  8
0
100
AcDbBlockBegin
  2
*D26
 70
     1
 10
0.0
 20
0.0
 30
0.0
  3
*D26
  1

  0
LINE
  5
11E8B
330
11E88
100
AcDbEntity
  8
0
 62
     3
370
    -2
100
AcDbLine
 10
1825.752648
 20
3392.01373
 30
0.0
 11
2110.443792
 21
3392.01373
 31
0.0
  0
LINE
  5
11E8C
330
11E88
100
AcDbEntity
  8
0
 62
     3
370
    -2
100
AcDbLine
 10
1832.212648
 20
3452.010756
 30
0.0
 11
2110.443792
 21
3452.010756
 31
0.0
  0
LINE
  5
11E8D
330
11E88
100
AcDbEntity
  8
0
 62
     3
370
    -2
100
AcDbLine
 10
2104.193792
 20
3404.51373
 30
0.0
 11
2104.193792
 21
3439.510756
 31
0.0
  0
SOLID
  5
11E8E
330
11E88
100
AcDbEntity
  8
0
 62
     3
100
AcDbTrace
 10
2102.110458
 20
3404.51373
 30
0.0
 11
2106.277125
 21
3404.51373
 31
0.0
 12
2104.193792
 22
3392.01373
 32
0.0
 13
2104.193792
 23
3392.01373
 33
0.0
  0
SOLID
  5
11E8F
330
11E88
100
AcDbEntity
  8
0
 62
     3
100
AcDbTrace
 10
2106.277125
 20
3439.510756
 30
0.0
 11
2102.110458
 21
3439.510756
 31
0.0
 12
2104.193792
 22
3452.010756
 32
0.0
 13
2104.193792
 23
3452.010756
 33
0.0
  0
MTEXT
  5
11E90
330
11E88
100
AcDbEntity
  8
0
 62
     2
100
AcDbMText
 10
2094.687542
 20
3422.012243
 30
0.0
 40
12.5
 41
0.0
 46
0.0
 71
     5
 72
     1
  1
15
 11
0.0
 21
1.0
 31
0.0
 73
     1
 44
1.0
  0
POINT
  5
11E91
330
11E88
100
AcDbEntity
  8
Defpoints
 62
     0
100
AcDbPoint
 10
1822.627648
 20
3392.01373
 30
0.0
  0
POINT
  5
11E92
330
11E88
100
AcDbEntity
  8
Defpoints
 62
     0
100
AcDbPoint
 10
1829.087648
 20
3452.010756
 30
0.0
  0
POINT
  5
11E93
330
11E88
100
AcDbEntity
  8
Defpoints
 62
     0
100
AcDbPoint
 10
2104.193792
 20
3452.010756
 30
0.0
  0
ENDBLK
  5
11E8A
330
11E88
100
AcDbEntity
  8
0
100
AcDbBlockEnd
  0
BLOCK
  5
11E9F
330
11E9E
100
AcDbEntity
  8
0
100
AcDbBlockBegin
  2
*D27
 70
     1
 10
0.0
 20
0.0
 30
0.0
  3
*D27
  1

  0
LINE
  5
11EA1
330
11E9E
100
AcDbEntity
  8
0
 62
     3
370
    -2
100
AcDbLine
 10
771.54945
 20
4335.734212
 30
0.0
 11
771.54945
 21
3897.800619
 31
0.0
  0
LINE
  5
11EA2
330
11E9E
100
AcDbEntity
  8
0
 62
     3
370
    -2
100
AcDbLine
 10
2931.549717
 20
4335.734212
 30
0.0
 11
2931.549717
 21
3897.800619
 31
0.0
  0
LINE
  5
11EA3
330
11E9E
100
AcDbEntity
  8
0
 62
     3
370
    -2
100
AcDbLine
 10
784.04945
 20
3904.050619
 30
0.0
 11
2919.049717
 21
3904.050619
 31
0.0
  0
SOLID
  5
11EA4
330
11E9E
100
AcDbEntity
  8
0
 62
     3
100
AcDbTrace
 10
784.04945
 20
3906.133952
 30
0.0
 11
784.04945
 21
3901.967285
 31
0.0
 12
771.54945
 22
3904.050619
 32
0.0
 13
771.54945
 23
3904.050619
 33
0.0
  0
SOLID
  5
11EA5
330
11E9E
100
AcDbEntity
  8
0
 62
     3
100
AcDbTrace
 10
2919.049717
 20
3901.967285
 30
0.0
 11
2919.049717
 21
3906.133952
 31
0.0
 12
2931.549717
 22
3904.050619
 32
0.0
 13
2931.549717
 23
3904.050619
 33
0.0
  0
MTEXT
  5
11EA6
330
11E9E
100
AcDbEntity
  8
0
 62
     2
100
AcDbMText
 10
1851.549583
 20
3913.556869
 30
0.0
 40
12.5
 41
0.0
 46
0.0
 71
     5
 72
     1
  1
2160
 73
     1
 44
1.0
  0
POINT
  5
11EA7
330
11E9E
100
AcDbEntity
  8
Defpoints
 62
     0
100
AcDbPoint
 10
771.54945
 20
4338.859212
 30
0.0
  0
POINT
  5
11EA8
330
11E9E
100
AcDbEntity
  8
Defpoints
 62
     0
100
AcDbPoint
 10
2931.549717
 20
4338.859212
 30
0.0
  0
POINT
  5
11EA9
330
11E9E
100
AcDbEntity
  8
Defpoints
 62
     0
100
AcDbPoint
 10
2931.549717
 20
3904.050619
 30
0.0
  0
ENDBLK
  5
11EA0
330
11E9E
100
AcDbEntity
  8
0
100
AcDbBlockEnd
  0
BLOCK
  5
11EAC
330
11EAB
100
AcDbEntity
  8
0
100
AcDbBlockBegin
  2
*D28
 70
     1
 10
0.0
 20
0.0
 30
0.0
  3
*D28
  1

  0
LINE
  5
11EAE
330
11EAB
100
AcDbEntity
  8
0
 62
     3
370
    -2
100
AcDbLine
 10
738.462539
 20
1674.691829
 30
0.0
 11
738.462539
 21
1234.087495
 31
0.0
  0
LINE
  5
11EAF
330
11EAB
100
AcDbEntity
  8
0
 62
     3
370
    -2
100
AcDbLine
 10
2898.462814
 20
1674.691829
 30
0.0
 11
2898.462814
 21
1234.087495
 31
0.0
  0
LINE
  5
11EB0
330
11EAB
100
AcDbEntity
  8
0
 62
     3
370
    -2
100
AcDbLine
 10
750.962539
 20
1240.337495
 30
0.0
 11
2885.962814
 21
1240.337495
 31
0.0
  0
SOLID
  5
11EB1
330
11EAB
100
AcDbEntity
  8
0
 62
     3
100
AcDbTrace
 10
750.962539
 20
1242.420828
 30
0.0
 11
750.962539
 21
1238.254162
 31
0.0
 12
738.462539
 22
1240.337495
 32
0.0
 13
738.462539
 23
1240.337495
 33
0.0
  0
SOLID
  5
11EB2
330
11EAB
100
AcDbEntity
  8
0
 62
     3
100
AcDbTrace
 10
2885.962814
 20
1238.254162
 30
0.0
 11
2885.962814
 21
1242.420828
 31
0.0
 12
2898.462814
 22
1240.337495
 32
0.0
 13
2898.462814
 23
1240.337495
 33
0.0
  0
MTEXT
  5
11EB3
330
11EAB
100
AcDbEntity
  8
0
 62
     2
100
AcDbMText
 10
1818.462676
 20
1249.843745
 30
0.0
 40
12.5
 41
0.0
 46
0.0
 71
     5
 72
     1
  1
2160
 73
     1
 44
1.0
  0
POINT
  5
11EB4
330
11EAB
100
AcDbEntity
  8
Defpoints
 62
     0
100
AcDbPoint
 10
738.462539
 20
1677.816829
 30
0.0
  0
POINT
  5
11EB5
330
11EAB
100
AcDbEntity
  8
Defpoints
 62
     0
100
AcDbPoint
 10
2898.462814
 20
1677.816829
 30
0.0
  0
POINT
  5
11EB6
330
11EAB
100
AcDbEntity
  8
Defpoints
 62
     0
100
AcDbPoint
 10
2898.462814
 20
1240.337495
 30
0.0
  0
ENDBLK
  5
11EAD
330
11EAB
100
AcDbEntity
  8
0
100
AcDbBlockEnd
  0
BLOCK
  5
11FAD
330
11FAC
100
AcDbEntity
  8
0
100
AcDbBlockBegin
  2
*D29
 70
     1
 10
0.0
 20
0.0
 30
0.0
  3
*D29
  1

  0
LINE
  5
11FAF
330
11FAC
100
AcDbEntity
  8
0
 62
     3
370
    -2
100
AcDbLine
 10
4676.70334
 20
1674.691829
 30
0.0
 11
4676.70334
 21
1524.808122
 31
0.0
  0
LINE
  5
11FB0
330
11FAC
100
AcDbEntity
  8
0
 62
     3
370
    -2
100
AcDbLine
 10
4866.703294
 20
1668.989353
 30
0.0
 11
4866.703294
 21
1524.808122
 31
0.0
  0
LINE
  5
11FB1
330
11FAC
100
AcDbEntity
  8
0
 62
     3
370
    -2
100
AcDbLine
 10
4689.20334
 20
1531.058122
 30
0.0
 11
4854.203294
 21
1531.058122
 31
0.0
  0
SOLID
  5
11FB2
330
11FAC
100
AcDbEntity
  8
0
 62
     3
100
AcDbTrace
 10
4689.20334
 20
1533.141456
 30
0.0
 11
4689.20334
 21
1528.974789
 31
0.0
 12
4676.70334
 22
1531.058122
 32
0.0
 13
4676.70334
 23
1531.058122
 33
0.0
  0
SOLID
  5
11FB3
330
11FAC
100
AcDbEntity
  8
0
 62
     3
100
AcDbTrace
 10
4854.203294
 20
1528.974789
 30
0.0
 11
4854.203294
 21
1533.141456
 31
0.0
 12
4866.703294
 22
1531.058122
 32
0.0
 13
4866.703294
 23
1531.058122
 33
0.0
  0
MTEXT
  5
11FB4
330
11FAC
100
AcDbEntity
  8
0
 62
     2
100
AcDbMText
 10
4771.703317
 20
1540.564372
 30
0.0
 40
12.5
 41
0.0
 46
0.0
 71
     5
 72
     1
  1
190
 73
     1
 44
1.0
  0
POINT
  5
11FB5
330
11FAC
100
AcDbEntity
  8
Defpoints
 62
     0
100
AcDbPoint
 10
4676.70334
 20
1677.816829
 30
0.0
  0
POINT
  5
11FB6
330
11FAC
100
AcDbEntity
  8
Defpoints
 62
     0
100
AcDbPoint
 10
4866.703294
 20
1672.114353
 30
0.0
  0
POINT
  5
11FB7
330
11FAC
100
AcDbEntity
  8
Defpoints
 62
     0
100
AcDbPoint
 10
4866.703294
 20
1531.058122
 30
0.0
  0
ENDBLK
  5
11FAE
330
11FAC
100
AcDbEntity
  8
0
100
AcDbBlockEnd
  0
BLOCK
  5
11FB9
330
11FB8
100
AcDbEntity
  8
0
100
AcDbBlockBegin
  2
*D30
 70
     1
 10
0.0
 20
0.0
 30
0.0
  3
*D30
  1

  0
LINE
  5
11FBB
330
11FB8
100
AcDbEntity
  8
0
 62
     3
370
    -2
100
AcDbLine
 10
4676.70334
 20
1674.691829
 30
0.0
 11
4676.70334
 21
1468.189375
 31
0.0
  0
LINE
  5
11FBC
330
11FB8
100
AcDbEntity
  8
0
 62
     3
370
    -2
100
AcDbLine
 10
4929.703369
 20
1659.12635
 30
0.0
 11
4929.703369
 21
1468.189375
 31
0.0
  0
LINE
  5
11FBD
330
11FB8
100
AcDbEntity
  8
0
 62
     3
370
    -2
100
AcDbLine
 10
4689.20334
 20
1474.439375
 30
0.0
 11
4917.203369
 21
1474.439375
 31
0.0
  0
SOLID
  5
11FBE
330
11FB8
100
AcDbEntity
  8
0
 62
     3
100
AcDbTrace
 10
4689.20334
 20
1476.522708
 30
0.0
 11
4689.20334
 21
1472.356042
 31
0.0
 12
4676.70334
 22
1474.439375
 32
0.0
 13
4676.70334
 23
1474.439375
 33
0.0
  0
SOLID
  5
11FBF
330
11FB8
100
AcDbEntity
  8
0
 62
     3
100
AcDbTrace
 10
4917.203369
 20
1472.356042
 30
0.0
 11
4917.203369
 21
1476.522708
 31
0.0
 12
4929.703369
 22
1474.439375
 32
0.0
 13
4929.703369
 23
1474.439375
 33
0.0
  0
MTEXT
  5
11FC0
330
11FB8
100
AcDbEntity
  8
0
 62
     2
100
AcDbMText
 10
4803.203354
 20
1483.945625
 30
0.0
 40
12.5
 41
0.0
 46
0.0
 71
     5
 72
     1
  1
253
 73
     1
 44
1.0
  0
POINT
  5
11FC1
330
11FB8
100
AcDbEntity
  8
Defpoints
 62
     0
100
AcDbPoint
 10
4676.70334
 20
1677.816829
 30
0.0
  0
POINT
  5
11FC2
330
11FB8
100
AcDbEntity
  8
Defpoints
 62
     0
100
AcDbPoint
 10
4929.703369
 20
1662.25135
 30
0.0
  0
POINT
  5
11FC3
330
11FB8
100
AcDbEntity
  8
Defpoints
 62
     0
100
AcDbPoint
 10
4929.703369
 20
1474.439375
 30
0.0
  0
ENDBLK
  5
11FBA
330
11FB8
100
AcDbEntity
  8
0
100
AcDbBlockEnd
  0
BLOCK
  5
11FC5
330
11FC4
100
AcDbEntity
  8
0
100
AcDbBlockBegin
  2
*D31
 70
     1
 10
0.0
 20
0.0
 30
0.0
  3
*D31
  1

  0
LINE
  5
11FC7
330
11FC4
100
AcDbEntity
  8
0
 62
     3
370
    -2
100
AcDbLine
 10
4676.703294
 20
1424.865514
 30
0.0
 11
4676.703294
 21
1416.897764
 31
0.0
  0
LINE
  5
11FC8
330
11FC4
100
AcDbEntity
  8
0
 62
     3
370
    -2
100
AcDbLine
 10
5449.703294
 20
1643.985535
 30
0.0
 11
5449.703294
 21
1416.897764
 31
0.0
  0
LINE
  5
11FC9
330
11FC4
100
AcDbEntity
  8
0
 62
     3
370
    -2
100
AcDbLine
 10
4689.203294
 20
1423.147764
 30
0.0
 11
5437.203294
 21
1423.147764
 31
0.0
  0
SOLID
  5
11FCA
330
11FC4
100
AcDbEntity
  8
0
 62
     3
100
AcDbTrace
 10
4689.203294
 20
1425.231097
 30
0.0
 11
4689.203294
 21
1421.06443
 31
0.0
 12
4676.703294
 22
1423.147764
 32
0.0
 13
4676.703294
 23
1423.147764
 33
0.0
  0
SOLID
  5
11FCB
330
11FC4
100
AcDbEntity
  8
0
 62
     3
100
AcDbTrace
 10
5437.203294
 20
1421.06443
 30
0.0
 11
5437.203294
 21
1425.231097
 31
0.0
 12
5449.703294
 22
1423.147764
 32
0.0
 13
5449.703294
 23
1423.147764
 33
0.0
  0
MTEXT
  5
11FCC
330
11FC4
100
AcDbEntity
  8
0
 62
     2
100
AcDbMText
 10
5063.203294
 20
1432.654014
 30
0.0
 40
12.5
 41
0.0
 46
0.0
 71
     5
 72
     1
  1
773
 73
     1
 44
1.0
  0
POINT
  5
11FCD
330
11FC4
100
AcDbEntity
  8
Defpoints
 62
     0
100
AcDbPoint
 10
4676.703294
 20
1427.990514
 30
0.0
  0
POINT
  5
11FCE
330
11FC4
100
AcDbEntity
  8
Defpoints
 62
     0
100
AcDbPoint
 10
5449.703294
 20
1647.110535
 30
0.0
  0
POINT
  5
11FCF
330
11FC4
100
AcDbEntity
  8
Defpoints
 62
     0
100
AcDbPoint
 10
5449.703294
 20
1423.147764
 30
0.0
  0
ENDBLK
  5
11FC6
330
11FC4
100
AcDbEntity
  8
0
100
AcDbBlockEnd
  0
BLOCK
  5
11FD1
330
11FD0
100
AcDbEntity
  8
0
100
AcDbBlockBegin
  2
*D32
 70
     1
 10
0.0
 20
0.0
 30
0.0
  3
*D32
  1

  0
LINE
  5
11FD3
330
11FD0
100
AcDbEntity
  8
0
 62
     3
370
    -2
100
AcDbLine
 10
4676.70334
 20
1674.691829
 30
0.0
 11
4676.70334
 21
1368.236491
 31
0.0
  0
LINE
  5
11FD4
330
11FD0
100
AcDbEntity
  8
0
 62
     3
370
    -2
100
AcDbLine
 10
6062.705252
 20
1643.989357
 30
0.0
 11
6062.705252
 21
1368.236491
 31
0.0
  0
LINE
  5
11FD5
330
11FD0
100
AcDbEntity
  8
0
 62
     3
370
    -2
100
AcDbLine
 10
4689.20334
 20
1374.486491
 30
0.0
 11
6050.205252
 21
1374.486491
 31
0.0
  0
SOLID
  5
11FD6
330
11FD0
100
AcDbEntity
  8
0
 62
     3
100
AcDbTrace
 10
4689.20334
 20
1376.569825
 30
0.0
 11
4689.20334
 21
1372.403158
 31
0.0
 12
4676.70334
 22
1374.486491
 32
0.0
 13
4676.70334
 23
1374.486491
 33
0.0
  0
SOLID
  5
11FD7
330
11FD0
100
AcDbEntity
  8
0
 62
     3
100
AcDbTrace
 10
6050.205252
 20
1372.403158
 30
0.0
 11
6050.205252
 21
1376.569825
 31
0.0
 12
6062.705252
 22
1374.486491
 32
0.0
 13
6062.705252
 23
1374.486491
 33
0.0
  0
MTEXT
  5
11FD8
330
11FD0
100
AcDbEntity
  8
0
 62
     2
100
AcDbMText
 10
5369.704296
 20
1383.992741
 30
0.0
 40
12.5
 41
0.0
 46
0.0
 71
     5
 72
     1
  1
1386
 73
     1
 44
1.0
  0
POINT
  5
11FD9
330
11FD0
100
AcDbEntity
  8
Defpoints
 62
     0
100
AcDbPoint
 10
4676.70334
 20
1677.816829
 30
0.0
  0
POINT
  5
11FDA
330
11FD0
100
AcDbEntity
  8
Defpoints
 62
     0
100
AcDbPoint
 10
6062.705252
 20
1647.114357
 30
0.0
  0
POINT
  5
11FDB
330
11FD0
100
AcDbEntity
  8
Defpoints
 62
     0
100
AcDbPoint
 10
6062.705252
 20
1374.486491
 30
0.0
  0
ENDBLK
  5
11FD2
330
11FD0
100
AcDbEntity
  8
0
100
AcDbBlockEnd
  0
BLOCK
  5
11FDD
330
11FDC
100
AcDbEntity
  8
0
100
AcDbBlockBegin
  2
*D33
 70
     1
 10
0.0
 20
0.0
 30
0.0
  3
*D33
  1

  0
LINE
  5
11FDF
330
11FDC
100
AcDbEntity
  8
0
 62
     3
370
    -2
100
AcDbLine
 10
4676.70334
 20
1674.691829
 30
0.0
 11
4676.70334
 21
1323.585195
 31
0.0
  0
LINE
  5
11FE0
330
11FDC
100
AcDbEntity
  8
0
 62
     3
370
    -2
100
AcDbLine
 10
6583.703384
 20
1658.989356
 30
0.0
 11
6583.703384
 21
1323.585195
 31
0.0
  0
LINE
  5
11FE1
330
11FDC
100
AcDbEntity
  8
0
 62
     3
370
    -2
100
AcDbLine
 10
4689.20334
 20
1329.835195
 30
0.0
 11
6571.203384
 21
1329.835195
 31
0.0
  0
SOLID
  5
11FE2
330
11FDC
100
AcDbEntity
  8
0
 62
     3
100
AcDbTrace
 10
4689.20334
 20
1331.918529
 30
0.0
 11
4689.20334
 21
1327.751862
 31
0.0
 12
4676.70334
 22
1329.835195
 32
0.0
 13
4676.70334
 23
1329.835195
 33
0.0
  0
SOLID
  5
11FE3
330
11FDC
100
AcDbEntity
  8
0
 62
     3
100
AcDbTrace
 10
6571.203384
 20
1327.751862
 30
0.0
 11
6571.203384
 21
1331.918529
 31
0.0
 12
6583.703384
 22
1329.835195
 32
0.0
 13
6583.703384
 23
1329.835195
 33
0.0
  0
MTEXT
  5
11FE4
330
11FDC
100
AcDbEntity
  8
0
 62
     2
100
AcDbMText
 10
5630.203362
 20
1339.341445
 30
0.0
 40
12.5
 41
0.0
 46
0.0
 71
     5
 72
     1
  1
1907
 73
     1
 44
1.0
  0
POINT
  5
11FE5
330
11FDC
100
AcDbEntity
  8
Defpoints
 62
     0
100
AcDbPoint
 10
4676.70334
 20
1677.816829
 30
0.0
  0
POINT
  5
11FE6
330
11FDC
100
AcDbEntity
  8
Defpoints
 62
     0
100
AcDbPoint
 10
6583.703384
 20
1662.114356
 30
0.0
  0
POINT
  5
11FE7
330
11FDC
100
AcDbEntity
  8
Defpoints
 62
     0
100
AcDbPoint
 10
6583.703384
 20
1329.835195
 30
0.0
  0
ENDBLK
  5
11FDE
330
11FDC
100
AcDbEntity
  8
0
100
AcDbBlockEnd
  0
BLOCK
  5
11FE9
330
11FE8
100
AcDbEntity
  8
0
100
AcDbBlockBegin
  2
*D34
 70
     1
 10
0.0
 20
0.0
 30
0.0
  3
*D34
  1

  0
LINE
  5
11FEB
330
11FE8
100
AcDbEntity
  8
0
 62
     3
370
    -2
100
AcDbLine
 10
4676.70334
 20
1674.691829
 30
0.0
 11
4676.70334
 21
1278.869432
 31
0.0
  0
LINE
  5
11FEC
330
11FE8
100
AcDbEntity
  8
0
 62
     3
370
    -2
100
AcDbLine
 10
6646.703294
 20
1668.989353
 30
0.0
 11
6646.703294
 21
1278.869432
 31
0.0
  0
LINE
  5
11FED
330
11FE8
100
AcDbEntity
  8
0
 62
     3
370
    -2
100
AcDbLine
 10
4689.20334
 20
1285.119432
 30
0.0
 11
6634.203294
 21
1285.119432
 31
0.0
  0
SOLID
  5
11FEE
330
11FE8
100
AcDbEntity
  8
0
 62
     3
100
AcDbTrace
 10
4689.20334
 20
1287.202765
 30
0.0
 11
4689.20334
 21
1283.036098
 31
0.0
 12
4676.70334
 22
1285.119432
 32
0.0
 13
4676.70334
 23
1285.119432
 33
0.0
  0
SOLID
  5
11FEF
330
11FE8
100
AcDbEntity
  8
0
 62
     3
100
AcDbTrace
 10
6634.203294
 20
1283.036098
 30
0.0
 11
6634.203294
 21
1287.202765
 31
0.0
 12
6646.703294
 22
1285.119432
 32
0.0
 13
6646.703294
 23
1285.119432
 33
0.0
  0
MTEXT
  5
11FF0
330
11FE8
100
AcDbEntity
  8
0
 62
     2
100
AcDbMText
 10
5661.703317
 20
1294.625682
 30
0.0
 40
12.5
 41
0.0
 46
0.0
 71
     5
 72
     1
  1
1970
 73
     1
 44
1.0
  0
POINT
  5
11FF1
330
11FE8
100
AcDbEntity
  8
Defpoints
 62
     0
100
AcDbPoint
 10
4676.70334
 20
1677.816829
 30
0.0
  0
POINT
  5
11FF2
330
11FE8
100
AcDbEntity
  8
Defpoints
 62
     0
100
AcDbPoint
 10
6646.703294
 20
1672.114353
 30
0.0
  0
POINT
  5
11FF3
330
11FE8
100
AcDbEntity
  8
Defpoints
 62
     0
100
AcDbPoint
 10
6646.703294
 20
1285.119432
 30
0.0
  0
ENDBLK
  5
11FEA
330
11FE8
100
AcDbEntity
  8
0
100
AcDbBlockEnd
  0
BLOCK
  5
11FF5
330
11FF4
100
AcDbEntity
  8
0
100
AcDbBlockBegin
  2
*D35
 70
     1
 10
0.0
 20
0.0
 30
0.0
  3
*D35
  1

  0
LINE
  5
11FF7
330
11FF4
100
AcDbEntity
  8
0
 62
     3
370
    -2
100
AcDbLine
 10
4828.495103
 20
1674.816798
 30
0.0
 11
4813.554127
 21
1674.816798
 31
0.0
  0
LINE
  5
11FF8
330
11FF4
100
AcDbEntity
  8
0
 62
     3
370
    -2
100
AcDbLine
 10
4831.063793
 20
1804.816798
 30
0.0
 11
4813.554127
 21
1804.816798
 31
0.0
  0
LINE
  5
11FF9
330
11FF4
100
AcDbEntity
  8
0
 62
     3
370
    -2
100
AcDbLine
 10
4819.804127
 20
1687.316798
 30
0.0
 11
4819.804127
 21
1792.316798
 31
0.0
  0
SOLID
  5
11FFA
330
11FF4
100
AcDbEntity
  8
0
 62
     3
100
AcDbTrace
 10
4817.720793
 20
1687.316798
 30
0.0
 11
4821.88746
 21
1687.316798
 31
0.0
 12
4819.804127
 22
1674.816798
 32
0.0
 13
4819.804127
 23
1674.816798
 33
0.0
  0
SOLID
  5
11FFB
330
11FF4
100
AcDbEntity
  8
0
 62
     3
100
AcDbTrace
 10
4821.88746
 20
1792.316798
 30
0.0
 11
4817.720793
 21
1792.316798
 31
0.0
 12
4819.804127
 22
1804.816798
 32
0.0
 13
4819.804127
 23
1804.816798
 33
0.0
  0
MTEXT
  5
11FFC
330
11FF4
100
AcDbEntity
  8
0
 62
     2
100
AcDbMText
 10
4809.954127
 20
1739.816798
 30
0.0
 40
12.5
 41
0.0
 46
0.0
 71
     5
 72
     1
  1
%%C130
 11
0.0
 21
1.0
 31
0.0
 73
     1
 44
1.0
  0
POINT
  5
11FFD
330
11FF4
100
AcDbEntity
  8
Defpoints
 62
     0
100
AcDbPoint
 10
4831.620103
 20
1674.816798
 30
0.0
  0
POINT
  5
11FFE
330
11FF4
100
AcDbEntity
  8
Defpoints
 62
     0
100
AcDbPoint
 10
4834.188793
 20
1804.816798
 30
0.0
  0
POINT
  5
11FFF
330
11FF4
100
AcDbEntity
  8
Defpoints
 62
     0
100
AcDbPoint
 10
4819.804127
 20
1804.816798
 30
0.0
  0
ENDBLK
  5
11FF6
330
11FF4
100
AcDbEntity
  8
0
100
AcDbBlockEnd
  0
BLOCK
  5
12001
330
12000
100
AcDbEntity
  8
0
100
AcDbBlockBegin
  2
*D36
 70
     1
 10
0.0
 20
0.0
 30
0.0
  3
*D36
  1

  0
LINE
  5
12003
330
12000
100
AcDbEntity
  8
0
 62
     3
370
    -2
100
AcDbLine
 10
4917.371793
 20
1814.816798
 30
0.0
 11
4906.540722
 21
1814.816798
 31
0.0
  0
LINE
  5
12004
330
12000
100
AcDbEntity
  8
0
 62
     3
370
    -2
100
AcDbLine
 10
4914.803103
 20
1664.816798
 30
0.0
 11
4906.540722
 21
1664.816798
 31
0.0
  0
LINE
  5
12005
330
12000
100
AcDbEntity
  8
0
 62
     3
370
    -2
100
AcDbLine
 10
4912.790722
 20
1802.316798
 30
0.0
 11
4912.790722
 21
1677.316798
 31
0.0
  0
SOLID
  5
12006
330
12000
100
AcDbEntity
  8
0
 62
     3
100
AcDbTrace
 10
4914.874055
 20
1802.316798
 30
0.0
 11
4910.707388
 21
1802.316798
 31
0.0
 12
4912.790722
 22
1814.816798
 32
0.0
 13
4912.790722
 23
1814.816798
 33
0.0
  0
SOLID
  5
12007
330
12000
100
AcDbEntity
  8
0
 62
     3
100
AcDbTrace
 10
4910.707388
 20
1677.316798
 30
0.0
 11
4914.874055
 21
1677.316798
 31
0.0
 12
4912.790722
 22
1664.816798
 32
0.0
 13
4912.790722
 23
1664.816798
 33
0.0
  0
MTEXT
  5
12008
330
12000
100
AcDbEntity
  8
0
 62
     2
100
AcDbMText
 10
4902.940722
 20
1739.816798
 30
0.0
 40
12.5
 41
0.0
 46
0.0
 71
     5
 72
     1
  1
%%C150
 11
0.0
 21
1.0
 31
0.0
 73
     1
 44
1.0
  0
POINT
  5
12009
330
12000
100
AcDbEntity
  8
Defpoints
 62
     0
100
AcDbPoint
 10
4920.496793
 20
1814.816798
 30
0.0
  0
POINT
  5
1200A
330
12000
100
AcDbEntity
  8
Defpoints
 62
     0
100
AcDbPoint
 10
4917.928103
 20
1664.816798
 30
0.0
  0
POINT
  5
1200B
330
12000
100
AcDbEntity
  8
Defpoints
 62
     0
100
AcDbPoint
 10
4912.790722
 20
1664.816798
 30
0.0
  0
ENDBLK
  5
12002
330
12000
100
AcDbEntity
  8
0
100
AcDbBlockEnd
  0
BLOCK
  5
1200D
330
1200C
100
AcDbEntity
  8
0
100
AcDbBlockBegin
  2
*D37
 70
     1
 10
0.0
 20
0.0
 30
0.0
  3
*D37
  1

  0
LINE
  5
1200F
330
1200C
100
AcDbEntity
  8
0
 62
     3
370
    -2
100
AcDbLine
 10
5507.906402
 20
1829.816798
 30
0.0
 11
5532.146038
 21
1829.816798
 31
0.0
  0
LINE
  5
12010
330
1200C
100
AcDbEntity
  8
0
 62
     3
370
    -2
100
AcDbLine
 10
5510.536741
 20
1649.816798
 30
0.0
 11
5532.146038
 21
1649.816798
 31
0.0
  0
LINE
  5
12011
330
1200C
100
AcDbEntity
  8
0
 62
     3
370
    -2
100
AcDbLine
 10
5525.896038
 20
1817.316798
 30
0.0
 11
5525.896038
 21
1662.316798
 31
0.0
  0
SOLID
  5
12012
330
1200C
100
AcDbEntity
  8
0
 62
     3
100
AcDbTrace
 10
5527.979371
 20
1817.316798
 30
0.0
 11
5523.812705
 21
1817.316798
 31
0.0
 12
5525.896038
 22
1829.816798
 32
0.0
 13
5525.896038
 23
1829.816798
 33
0.0
  0
SOLID
  5
12013
330
1200C
100
AcDbEntity
  8
0
 62
     3
100
AcDbTrace
 10
5523.812705
 20
1662.316798
 30
0.0
 11
5527.979371
 21
1662.316798
 31
0.0
 12
5525.896038
 22
1649.816798
 32
0.0
 13
5525.896038
 23
1649.816798
 33
0.0
  0
MTEXT
  5
12014
330
1200C
100
AcDbEntity
  8
0
 62
     2
100
AcDbMText
 10
5516.046038
 20
1739.816798
 30
0.0
 40
12.5
 41
0.0
 46
0.0
 71
     5
 72
     1
  1
%%C180
 11
0.0
 21
1.0
 31
0.0
 73
     1
 44
1.0
  0
POINT
  5
12015
330
1200C
100
AcDbEntity
  8
Defpoints
 62
     0
100
AcDbPoint
 10
5504.781402
 20
1829.816798
 30
0.0
  0
POINT
  5
12016
330
1200C
100
AcDbEntity
  8
Defpoints
 62
     0
100
AcDbPoint
 10
5507.411741
 20
1649.816798
 30
0.0
  0
POINT
  5
12017
330
1200C
100
AcDbEntity
  8
Defpoints
 62
     0
100
AcDbPoint
 10
5525.896038
 20
1649.816798
 30
0.0
  0
ENDBLK
  5
1200E
330
1200C
100
AcDbEntity
  8
0
100
AcDbBlockEnd
  0
BLOCK
  5
12019
330
12018
100
AcDbEntity
  8
0
100
AcDbBlockBegin
  2
*D38
 70
     1
 10
0.0
 20
0.0
 30
0.0
  3
*D38
  1

  0
LINE
  5
1201B
330
12018
100
AcDbEntity
  8
0
 62
     3
370
    -2
100
AcDbLine
 10
5990.573616
 20
1829.816798
 30
0.0
 11
6014.813252
 21
1829.816798
 31
0.0
  0
LINE
  5
1201C
330
12018
100
AcDbEntity
  8
0
 62
     3
370
    -2
100
AcDbLine
 10
5993.203955
 20
1649.816798
 30
0.0
 11
6014.813252
 21
1649.816798
 31
0.0
  0
LINE
  5
1201D
330
12018
100
AcDbEntity
  8
0
 62
     3
370
    -2
100
AcDbLine
 10
6008.563252
 20
1817.316798
 30
0.0
 11
6008.563252
 21
1662.316798
 31
0.0
  0
SOLID
  5
1201E
330
12018
100
AcDbEntity
  8
0
 62
     3
100
AcDbTrace
 10
6010.646585
 20
1817.316798
 30
0.0
 11
6006.479919
 21
1817.316798
 31
0.0
 12
6008.563252
 22
1829.816798
 32
0.0
 13
6008.563252
 23
1829.816798
 33
0.0
  0
SOLID
  5
1201F
330
12018
100
AcDbEntity
  8
0
 62
     3
100
AcDbTrace
 10
6006.479919
 20
1662.316798
 30
0.0
 11
6010.646585
 21
1662.316798
 31
0.0
 12
6008.563252
 22
1649.816798
 32
0.0
 13
6008.563252
 23
1649.816798
 33
0.0
  0
MTEXT
  5
12020
330
12018
100
AcDbEntity
  8
0
 62
     2
100
AcDbMText
 10
5998.713252
 20
1739.816798
 30
0.0
 40
12.5
 41
0.0
 46
0.0
 71
     5
 72
     1
  1
%%C180
 11
0.0
 21
1.0
 31
0.0
 73
     1
 44
1.0
  0
POINT
  5
12021
330
12018
100
AcDbEntity
  8
Defpoints
 62
     0
100
AcDbPoint
 10
5987.448616
 20
1829.816798
 30
0.0
  0
POINT
  5
12022
330
12018
100
AcDbEntity
  8
Defpoints
 62
     0
100
AcDbPoint
 10
5990.078955
 20
1649.816798
 30
0.0
  0
POINT
  5
12023
330
12018
100
AcDbEntity
  8
Defpoints
 62
     0
100
AcDbPoint
 10
6008.563252
 20
1649.816798
 30
0.0
  0
ENDBLK
  5
1201A
330
12018
100
AcDbEntity
  8
0
100
AcDbBlockEnd
  0
BLOCK
  5
12025
330
12024
100
AcDbEntity
  8
0
100
AcDbBlockBegin
  2
*D39
 70
     1
 10
0.0
 20
0.0
 30
0.0
  3
*D39
  1

  0
LINE
  5
12027
330
12024
100
AcDbEntity
  8
0
 62
     3
370
    -2
100
AcDbLine
 10
6608.679797
 20
1814.816798
 30
0.0
 11
6597.848725
 21
1814.816798
 31
0.0
  0
LINE
  5
12028
330
12024
100
AcDbEntity
  8
0
 62
     3
370
    -2
100
AcDbLine
 10
6606.111106
 20
1664.816798
 30
0.0
 11
6597.848725
 21
1664.816798
 31
0.0
  0
LINE
  5
12029
330
12024
100
AcDbEntity
  8
0
 62
     3
370
    -2
100
AcDbLine
 10
6604.098725
 20
1802.316798
 30
0.0
 11
6604.098725
 21
1677.316798
 31
0.0
  0
SOLID
  5
1202A
330
12024
100
AcDbEntity
  8
0
 62
     3
100
AcDbTrace
 10
6606.182059
 20
1802.316798
 30
0.0
 11
6602.015392
 21
1802.316798
 31
0.0
 12
6604.098725
 22
1814.816798
 32
0.0
 13
6604.098725
 23
1814.816798
 33
0.0
  0
SOLID
  5
1202B
330
12024
100
AcDbEntity
  8
0
 62
     3
100
AcDbTrace
 10
6602.015392
 20
1677.316798
 30
0.0
 11
6606.182059
 21
1677.316798
 31
0.0
 12
6604.098725
 22
1664.816798
 32
0.0
 13
6604.098725
 23
1664.816798
 33
0.0
  0
MTEXT
  5
1202C
330
12024
100
AcDbEntity
  8
0
 62
     2
100
AcDbMText
 10
6594.248725
 20
1739.816798
 30
0.0
 40
12.5
 41
0.0
 46
0.0
 71
     5
 72
     1
  1
%%C150
 11
0.0
 21
1.0
 31
0.0
 73
     1
 44
1.0
  0
POINT
  5
1202D
330
12024
100
AcDbEntity
  8
Defpoints
 62
     0
100
AcDbPoint
 10
6611.804797
 20
1814.816798
 30
0.0
  0
POINT
  5
1202E
330
12024
100
AcDbEntity
  8
Defpoints
 62
     0
100
AcDbPoint
 10
6609.236106
 20
1664.816798
 30
0.0
  0
POINT
  5
1202F
330
12024
100
AcDbEntity
  8
Defpoints
 62
     0
100
AcDbPoint
 10
6604.098725
 20
1664.816798
 30
0.0
  0
ENDBLK
  5
12026
330
12024
100
AcDbEntity
  8
0
100
AcDbBlockEnd
  0
BLOCK
  5
12031
330
12030
100
AcDbEntity
  8
0
100
AcDbBlockBegin
  2
*D40
 70
     1
 10
0.0
 20
0.0
 30
0.0
  3
*D40
  1

  0
LINE
  5
12033
330
12030
100
AcDbEntity
  8
0
 62
     3
370
    -2
100
AcDbLine
 10
6709.187517
 20
1674.816798
 30
0.0
 11
6694.246541
 21
1674.816798
 31
0.0
  0
LINE
  5
12034
330
12030
100
AcDbEntity
  8
0
 62
     3
370
    -2
100
AcDbLine
 10
6711.756208
 20
1804.816798
 30
0.0
 11
6694.246541
 21
1804.816798
 31
0.0
  0
LINE
  5
12035
330
12030
100
AcDbEntity
  8
0
 62
     3
370
    -2
100
AcDbLine
 10
6700.496541
 20
1687.316798
 30
0.0
 11
6700.496541
 21
1792.316798
 31
0.0
  0
SOLID
  5
12036
330
12030
100
AcDbEntity
  8
0
 62
     3
100
AcDbTrace
 10
6698.413208
 20
1687.316798
 30
0.0
 11
6702.579875
 21
1687.316798
 31
0.0
 12
6700.496541
 22
1674.816798
 32
0.0
 13
6700.496541
 23
1674.816798
 33
0.0
  0
SOLID
  5
12037
330
12030
100
AcDbEntity
  8
0
 62
     3
100
AcDbTrace
 10
6702.579875
 20
1792.316798
 30
0.0
 11
6698.413208
 21
1792.316798
 31
0.0
 12
6700.496541
 22
1804.816798
 32
0.0
 13
6700.496541
 23
1804.816798
 33
0.0
  0
MTEXT
  5
12038
330
12030
100
AcDbEntity
  8
0
 62
     2
100
AcDbMText
 10
6690.646541
 20
1739.816798
 30
0.0
 40
12.5
 41
0.0
 46
0.0
 71
     5
 72
     1
  1
%%C130
 11
0.0
 21
1.0
 31
0.0
 73
     1
 44
1.0
  0
POINT
  5
12039
330
12030
100
AcDbEntity
  8
Defpoints
 62
     0
100
AcDbPoint
 10
6712.312517
 20
1674.816798
 30
0.0
  0
POINT
  5
1203A
330
12030
100
AcDbEntity
  8
Defpoints
 62
     0
100
AcDbPoint
 10
6714.881208
 20
1804.816798
 30
0.0
  0
POINT
  5
1203B
330
12030
100
AcDbEntity
  8
Defpoints
 62
     0
100
AcDbPoint
 10
6700.496541
 20
1804.816798
 30
0.0
  0
ENDBLK
  5
12032
330
12030
100
AcDbEntity
  8
0
100
AcDbBlockEnd
  0
BLOCK
  5
1203D
330
1203C
100
AcDbEntity
  8
0
100
AcDbBlockBegin
  2
*D41
 70
     1
 10
0.0
 20
0.0
 30
0.0
  3
*D41
  1

  0
LINE
  5
1203F
330
1203C
100
AcDbEntity
  8
0
 62
     3
370
    -2
100
AcDbLine
 10
4676.703294
 20
1674.691829
 30
0.0
 11
4676.703294
 21
1234.087495
 31
0.0
  0
LINE
  5
12040
330
1203C
100
AcDbEntity
  8
0
 62
     3
370
    -2
100
AcDbLine
 10
6836.703568
 20
1674.691829
 30
0.0
 11
6836.703568
 21
1234.087495
 31
0.0
  0
LINE
  5
12041
330
1203C
100
AcDbEntity
  8
0
 62
     3
370
    -2
100
AcDbLine
 10
4689.203294
 20
1240.337495
 30
0.0
 11
6824.203568
 21
1240.337495
 31
0.0
  0
SOLID
  5
12042
330
1203C
100
AcDbEntity
  8
0
 62
     3
100
AcDbTrace
 10
4689.203294
 20
1242.420828
 30
0.0
 11
4689.203294
 21
1238.254162
 31
0.0
 12
4676.703294
 22
1240.337495
 32
0.0
 13
4676.703294
 23
1240.337495
 33
0.0
  0
SOLID
  5
12043
330
1203C
100
AcDbEntity
  8
0
 62
     3
100
AcDbTrace
 10
6824.203568
 20
1238.254162
 30
0.0
 11
6824.203568
 21
1242.420828
 31
0.0
 12
6836.703568
 22
1240.337495
 32
0.0
 13
6836.703568
 23
1240.337495
 33
0.0
  0
MTEXT
  5
12044
330
1203C
100
AcDbEntity
  8
0
 62
     2
100
AcDbMText
 10
5756.703431
 20
1249.843745
 30
0.0
 40
12.5
 41
0.0
 46
0.0
 71
     5
 72
     1
  1
2160
 73
     1
 44
1.0
  0
POINT
  5
12045
330
1203C
100
AcDbEntity
  8
Defpoints
 62
     0
100
AcDbPoint
 10
4676.703294
 20
1677.816829
 30
0.0
  0
POINT
  5
12046
330
1203C
100
AcDbEntity
  8
Defpoints
 62
     0
100
AcDbPoint
 10
6836.703568
 20
1677.816829
 30
0.0
  0
POINT
  5
12047
330
1203C
100
AcDbEntity
  8
Defpoints
 62
     0
100
AcDbPoint
 10
6836.703568
 20
1240.337495
 30
0.0
  0
ENDBLK
  5
1203E
330
1203C
100
AcDbEntity
  8
0
100
AcDbBlockEnd
  0
ENDSEC
  0
SECTION
  2
ENTITIES
  0
LINE
  5
11EFF
330
A
100
AcDbEntity
  8
4
 48
0.070457
100
AcDbLine
 10
162.94684282249
 20
327.1110276940542
 30
0.0
 11
172.94684282249
 21
337.0391586940543
 31
0.0
  0
LINE
  5
11F00
330
A
100
AcDbEntity
  8
4
 48
0.025
100
AcDbLine
 10
172.94684282249
 20
337.0391586940543
 30
0.0
 11
177.94684282249
 21
337.0391586940543
 31
0.0
  0
LINE
  5
11F01
330
A
100
AcDbEntity
  8
4
 48
0.025
100
AcDbLine
 10
172.94684282249
 20
341.7944076940541
 30
0.0
 11
177.94684282249
 21
341.7944076940541
 31
0.0
  0
LINE
  5
11F02
330
A
100
AcDbEntity
  8
4
 48
0.012897
100
AcDbLine
 10
177.94684282249
 20
337.0391586940543
 30
0.0
 11
178.9469038224897
 21
339.4167826940543
 31
0.0
  0
LINE
  5
11F03
330
A
100
AcDbEntity
  8
4
 48
0.012897
100
AcDbLine
 10
177.94684282249
 20
341.7944076940541
 30
0.0
 11
178.9469038224897
 21
339.4167826940543
 31
0.0
  0
LINE
  5
11F04
330
A
100
AcDbEntity
  8
4
 48
0.070369
100
AcDbLine
 10
162.94684282249
 20
351.6975146940542
 30
0.0
 11
172.94684282249
 21
341.7944076940541
 31
0.0
  0
LINE
  5
11F05
330
A
100
AcDbEntity
  8
4
 48
0.070457
100
AcDbLine
 10
162.94684282249
 20
351.7225386940543
 30
0.0
 11
172.94684282249
 21
341.7944076940541
 31
0.0
  0
LINE
  5
11F06
330
A
100
AcDbEntity
  8
4
 48
0.011888
100
AcDbLine
 10
172.94684282249
 20
337.0391586940543
 30
0.0
 11
172.94684282249
 21
339.4167826940543
 31
0.0
  0
LINE
  5
11F07
330
A
100
AcDbEntity
  8
4
 48
0.011888
100
AcDbLine
 10
172.94684282249
 20
339.4167826940543
 30
0.0
 11
172.94684282249
 21
341.7944076940541
 31
0.0
  0
LINE
  5
11F08
330
A
100
AcDbEntity
  8
4
 48
0.011888
100
AcDbLine
 10
177.94684282249
 20
339.4167826940543
 30
0.0
 11
177.94684282249
 21
341.7944076940541
 31
0.0
  0
LINE
  5
11F09
330
A
100
AcDbEntity
  8
4
 48
0.011888
100
AcDbLine
 10
177.94684282249
 20
337.0391586940543
 30
0.0
 11
177.94684282249
 21
339.4167826940543
 31
0.0
  0
LINE
  5
11F0A
330
A
100
AcDbEntity
  8
4
 48
0.074088
100
AcDbLine
 10
162.94684282249
 20
339.4167826940543
 30
0.0
 11
162.94684282249
 21
354.2342876940543
 31
0.0
  0
LINE
  5
11F0B
330
A
100
AcDbEntity
  8
4
 48
0.021142
100
AcDbLine
 10
159.9468888224901
 20
357.2141766940542
 30
0.0
 11
162.94684282249
 21
354.2342876940543
 31
0.0
  0
LINE
  5
11F0C
330
A
100
AcDbEntity
  8
4
 48
0.021092
100
AcDbLine
 10
159.9468888224901
 20
321.6262556940542
 30
0.0
 11
162.94684282249
 21
324.5918016940543
 31
0.0
  0
LINE
  5
11F0D
330
A
100
AcDbEntity
  8
4
 48
0.074125
100
AcDbLine
 10
162.94684282249
 20
324.5918016940543
 30
0.0
 11
162.94684282249
 21
339.4167826940543
 31
0.0
  0
LINE
  5
11F0E
330
A
100
AcDbEntity
  8
1
100
AcDbLine
 10
904.9469648224904
 20
240.4168436940543
 30
0.0
 11
904.9469648224904
 21
438.4167216940543
 31
0.0
  0
LINE
  5
11F0F
330
A
100
AcDbEntity
  8
1
100
AcDbLine
 10
724.9469648224904
 20
240.4168436940543
 30
0.0
 11
724.9469648224904
 21
438.4167216940543
 31
0.0
  0
LINE
  5
11F10
330
A
100
AcDbEntity
  8
1
100
AcDbLine
 10
632.94684282249
 20
241.4167526940541
 30
0.0
 11
632.94684282249
 21
437.4168136940543
 31
0.0
  0
LINE
  5
11F11
330
A
100
AcDbEntity
  8
1
100
AcDbLine
 10
1574.94696482249
 20
240.4168436940543
 30
0.0
 11
1574.94696482249
 21
438.4167216940543
 31
0.0
  0
LINE
  5
11F12
330
A
100
AcDbEntity
  8
1
100
AcDbLine
 10
1754.94696482249
 20
240.4168436940543
 30
0.0
 11
1754.94696482249
 21
438.4167216940543
 31
0.0
  0
LINE
  5
11F13
330
A
100
AcDbEntity
  8
1
100
AcDbLine
 10
2319.94711682249
 20
277.4168136940543
 30
0.0
 11
2319.94711682249
 21
401.4167526940541
 31
0.0
  0
LINE
  5
11F14
330
A
100
AcDbEntity
  8
1
100
AcDbLine
 10
2129.26749082249
 20
404.4167826940543
 30
0.0
 11
2316.94693382249
 21
404.4167826940543
 31
0.0
  0
LINE
  5
11F15
330
A
100
AcDbEntity
  8
1
100
AcDbLine
 10
2129.26749082249
 20
274.4167826940543
 30
0.0
 11
2316.94693382249
 21
274.4167826940543
 31
0.0
  0
ARC
  5
11F16
330
A
100
AcDbEntity
  8
1
100
AcDbCircle
 10
2316.94693382249
 20
401.4167526940541
 30
0.0
 40
3.000000268220901
100
AcDbArc
 50
0.0
 51
90.00000300000178
  0
ARC
  5
11F17
330
A
100
AcDbEntity
  8
1
100
AcDbCircle
 10
2316.94693382249
 20
277.4168136940543
 30
0.0
 40
3.000000268220901
100
AcDbArc
 50
270.0000009999948
 51
0.0
  0
LINE
  5
11F18
330
A
100
AcDbEntity
  8
1
100
AcDbLine
 10
2111.94693382249
 20
264.5937846940542
 30
0.0
 11
2111.94693382249
 21
414.2397816940543
 31
0.0
  0
LINE
  5
11F19
330
A
100
AcDbEntity
  8
1
100
AcDbLine
 10
1574.94696482249
 20
438.4167216940543
 30
0.0
 11
1754.94696482249
 21
438.4167216940543
 31
0.0
  0
LINE
  5
11F1A
330
A
100
AcDbEntity
  8
1
100
AcDbLine
 10
1574.94696482249
 20
240.4168436940543
 30
0.0
 11
1754.94696482249
 21
240.4168436940543
 31
0.0
  0
LINE
  5
11F1B
330
A
100
AcDbEntity
  8
3
100
AcDbLine
 10
2224.94711682249
 20
266.0134626940542
 30
0.0
 11
2224.94711682249
 21
419.4341776940541
 31
0.0
  0
LINE
  5
11F1C
330
A
100
AcDbEntity
  8
1
 48
0.22216
100
AcDbLine
 10
2066.94693382249
 20
414.4167826940543
 30
0.0
 11
2111.37900182249
 21
414.4167826940543
 31
0.0
  0
LINE
  5
11F1D
330
A
100
AcDbEntity
  8
1
 48
0.22216
100
AcDbLine
 10
2066.94693382249
 20
264.4167826940543
 30
0.0
 11
2111.37900182249
 21
264.4167826940543
 31
0.0
  0
ARC
  5
11F1E
330
A
100
AcDbEntity
  8
1
100
AcDbCircle
 10
2129.26749082249
 20
424.4167826940543
 30
0.0
 40
20.00000178813934
100
AcDbArc
 50
211.5881269999998
 51
270.0000009999999
  0
ARC
  5
11F1F
330
A
100
AcDbEntity
  8
1
100
AcDbCircle
 10
2129.26749082249
 20
254.4167826940543
 30
0.0
 40
20.00000178813934
100
AcDbArc
 50
90.00000300000004
 51
148.4118690000005
  0
ARC
  5
11F20
330
A
100
AcDbEntity
  8
1
100
AcDbCircle
 10
2111.37900182249
 20
265.4168436940543
 30
0.0
 40
1.000000089406967
100
AcDbArc
 50
270.0000009999948
 51
328.4118600000117
  0
ARC
  5
11F21
330
A
100
AcDbEntity
  8
1
100
AcDbCircle
 10
2111.37900182249
 20
413.4167216940543
 30
0.0
 40
1.000000089406967
100
AcDbArc
 50
31.58813600000986
 51
90.0000029999844
  0
ARC
  5
11F22
330
A
100
AcDbEntity
  8
1
100
AcDbCircle
 10
412.9469188224903
 20
234.4167826940543
 30
0.0
 40
30.00000268220901
100
AcDbArc
 50
53.13010199999984
 51
90.00000300000004
  0
ARC
  5
11F23
330
A
100
AcDbEntity
  8
1
100
AcDbCircle
 10
427.9469188224903
 20
254.4167826940543
 30
0.0
 40
5.000000447034836
100
AcDbArc
 50
0.0
 51
53.13010200000202
  0
ARC
  5
11F24
330
A
100
AcDbEntity
  8
1
100
AcDbCircle
 10
427.9469188224903
 20
424.4167826940543
 30
0.0
 40
5.000000447034836
100
AcDbArc
 50
306.8699079999997
 51
0.0
  0
ARC
  5
11F25
330
A
100
AcDbEntity
  8
1
100
AcDbCircle
 10
412.9469188224903
 20
444.4167826940543
 30
0.0
 40
30.00000268220901
100
AcDbArc
 50
270.0000009999999
 51
306.8699080000006
  0
ARC
  5
11F26
330
A
100
AcDbEntity
  8
1
100
AcDbCircle
 10
2051.94693382249
 20
424.4167826940543
 30
0.0
 40
5.000000447034836
100
AcDbArc
 50
180.0000049783131
 51
233.1300929999983
  0
ARC
  5
11F27
330
A
100
AcDbEntity
  8
1
100
AcDbCircle
 10
2066.94693382249
 20
444.4167826940543
 30
0.0
 40
30.00000268220901
100
AcDbArc
 50
233.1300930000002
 51
270.0000009999999
  0
ARC
  5
11F28
330
A
100
AcDbEntity
  8
1
100
AcDbCircle
 10
2066.94693382249
 20
234.4167826940543
 30
0.0
 40
30.00000268220901
100
AcDbArc
 50
90.00000300000004
 51
126.8699030000002
  0
ARC
  5
11F29
330
A
100
AcDbEntity
  8
1
100
AcDbCircle
 10
2051.94693382249
 20
254.4167826940543
 30
0.0
 40
5.000000447034836
100
AcDbArc
 50
126.8699029999996
 51
180.0000049783131
  0
LINE
  5
11F2A
330
A
100
AcDbEntity
  8
1
100
AcDbLine
 10
435.9468728224901
 20
241.4167526940541
 30
0.0
 11
632.94684282249
 21
241.4167526940541
 31
0.0
  0
LINE
  5
11F2B
330
A
100
AcDbEntity
  8
1
 48
0.015033
100
AcDbLine
 10
432.9469188224903
 20
241.6167956940542
 30
0.0
 11
435.9468728224901
 21
241.4167526940541
 31
0.0
  0
LINE
  5
11F2C
330
A
100
AcDbEntity
  8
1
100
AcDbLine
 10
1846.94708682249
 20
437.4168136940543
 30
0.0
 11
2043.94705582249
 21
437.4168136940543
 31
0.0
  0
LINE
  5
11F2D
330
A
100
AcDbEntity
  8
1
 48
0.015033
100
AcDbLine
 10
2043.94705582249
 20
437.4168136940543
 30
0.0
 11
2046.94693382249
 21
437.2167706940543
 31
0.0
  0
LINE
  5
11F2E
330
A
100
AcDbEntity
  8
1
100
AcDbLine
 10
2046.94693382249
 20
241.6167956940542
 30
0.0
 11
2046.94693382249
 21
437.2167706940543
 31
0.0
  0
LINE
  5
11F2F
330
A
100
AcDbEntity
  8
1
100
AcDbLine
 10
2043.94705582249
 20
241.4167526940541
 30
0.0
 11
2043.94705582249
 21
437.4168136940543
 31
0.0
  0
LINE
  5
11F30
330
A
100
AcDbEntity
  8
1
100
AcDbLine
 10
1846.94708682249
 20
241.4167526940541
 30
0.0
 11
1846.94708682249
 21
437.4168136940543
 31
0.0
  0
LINE
  5
11F31
330
A
100
AcDbEntity
  8
1
 48
0.015033
100
AcDbLine
 10
2043.94705582249
 20
241.4167526940541
 30
0.0
 11
2046.94693382249
 21
241.6167956940542
 31
0.0
  0
LINE
  5
11F32
330
A
100
AcDbEntity
  8
1
100
AcDbLine
 10
1846.94708682249
 20
241.4167526940541
 30
0.0
 11
2043.94705582249
 21
241.4167526940541
 31
0.0
  0
ARC
  5
11F33
330
A
100
AcDbEntity
  8
1
100
AcDbCircle
 10
700.2942548224901
 20
481.9167826940543
 30
0.0
 40
50.00000447034836
100
AcDbArc
 50
270.0000009999999
 51
299.5413610000003
  0
ARC
  5
11F34
330
A
100
AcDbEntity
  8
1
100
AcDbCircle
 10
700.2942548224901
 20
196.9167826940543
 30
0.0
 40
50.00000447034836
100
AcDbArc
 50
60.45864199999965
 51
90.00000300000004
  0
LINE
  5
11F35
330
A
100
AcDbEntity
  8
1
 48
0.222746
100
AcDbLine
 10
655.7449998224902
 20
246.9167826940543
 30
0.0
 11
700.2942548224901
 21
246.9167826940543
 31
0.0
  0
ARC
  5
11F36
330
A
100
AcDbEntity
  8
1
100
AcDbCircle
 10
1779.59967482249
 20
481.9167826940543
 30
0.0
 40
50.00000447034836
100
AcDbArc
 50
240.4586400000002
 51
270.0000009999999
  0
LINE
  5
11F37
330
A
100
AcDbEntity
  8
1
 48
0.222746
100
AcDbLine
 10
1779.59967482249
 20
431.9167826940543
 30
0.0
 11
1824.14892982249
 21
431.9167826940543
 31
0.0
  0
ARC
  5
11F38
330
A
100
AcDbEntity
  8
1
100
AcDbCircle
 10
1779.59967482249
 20
196.9167826940543
 30
0.0
 40
50.00000447034836
100
AcDbArc
 50
90.00000300000004
 51
119.5413560000002
  0
LINE
  5
11F39
330
A
100
AcDbEntity
  8
1
 48
0.222746
100
AcDbLine
 10
1779.59967482249
 20
246.9167826940543
 30
0.0
 11
1824.14892982249
 21
246.9167826940543
 31
0.0
  0
LINE
  5
11F3A
330
A
100
AcDbEntity
  8
1
100
AcDbLine
 10
933.5651288224899
 20
429.4167826940543
 30
0.0
 11
1546.32880082249
 21
429.4167826940543
 31
0.0
  0
ARC
  5
11F3B
330
A
100
AcDbEntity
  8
1
100
AcDbCircle
 10
933.5651288224899
 20
479.4167826940543
 30
0.0
 40
50.00000447034836
100
AcDbArc
 50
235.0847839999995
 51
270.0000009999999
  0
ARC
  5
11F3C
330
A
100
AcDbEntity
  8
1
100
AcDbCircle
 10
1546.32880082249
 20
479.4167826940543
 30
0.0
 40
50.00000447034836
100
AcDbArc
 50
270.0000009999999
 51
304.9152169999996
  0
ARC
  5
11F3D
330
A
100
AcDbEntity
  8
1
100
AcDbCircle
 10
933.5651288224899
 20
199.4167826940543
 30
0.0
 40
50.00000447034836
100
AcDbArc
 50
90.00000300000004
 51
124.9152119999996
  0
LINE
  5
11F3E
330
A
100
AcDbEntity
  8
1
100
AcDbLine
 10
933.5651288224899
 20
249.4167826940543
 30
0.0
 11
1546.32880082249
 21
249.4167826940543
 31
0.0
  0
ARC
  5
11F3F
330
A
100
AcDbEntity
  8
1
100
AcDbCircle
 10
1546.32880082249
 20
199.4167826940543
 30
0.0
 40
50.00000447034836
100
AcDbArc
 50
55.08479300000019
 51
90.00000300000004
  0
LINE
  5
11F40
330
A
100
AcDbEntity
  8
3
100
AcDbLine
 10
254.9468888224901
 20
265.1106006940543
 30
0.0
 11
254.9468888224901
 21
419.4341776940541
 31
0.0
  0
LINE
  5
11F41
330
A
100
AcDbEntity
  8
1
100
AcDbLine
 10
159.9468888224901
 20
277.4168136940543
 30
0.0
 11
159.9468888224901
 21
401.4167526940541
 31
0.0
  0
LINE
  5
11F42
330
A
100
AcDbEntity
  8
1
100
AcDbLine
 10
162.94684282249
 20
404.4167826940543
 30
0.0
 11
350.6263618224903
 21
404.4167826940543
 31
0.0
  0
LINE
  5
11F43
330
A
100
AcDbEntity
  8
1
100
AcDbLine
 10
162.94684282249
 20
274.4167826940543
 30
0.0
 11
350.6263618224903
 21
274.4167826940543
 31
0.0
  0
LINE
  5
11F44
330
A
100
AcDbEntity
  8
1
100
AcDbLine
 10
432.9469188224903
 20
241.6167956940542
 30
0.0
 11
432.9469188224903
 21
437.2167706940543
 31
0.0
  0
LINE
  5
11F45
330
A
100
AcDbEntity
  8
1
100
AcDbLine
 10
435.9468728224901
 20
241.4167526940541
 30
0.0
 11
435.9468728224901
 21
437.4168136940543
 31
0.0
  0
ARC
  5
11F46
330
A
100
AcDbEntity
  8
1
100
AcDbCircle
 10
162.94684282249
 20
401.4167526940541
 30
0.0
 40
3.000000268220901
100
AcDbArc
 50
90.00000300000178
 51
180.000005050993
  0
ARC
  5
11F47
330
A
100
AcDbEntity
  8
1
100
AcDbCircle
 10
162.94684282249
 20
277.4168136940543
 30
0.0
 40
3.000000268220901
100
AcDbArc
 50
180.000005050993
 51
270.0000009999948
  0
LINE
  5
11F48
330
A
100
AcDbEntity
  8
1
100
AcDbLine
 10
367.9469188224903
 20
264.5937846940542
 30
0.0
 11
367.9469188224903
 21
414.2397816940543
 31
0.0
  0
LINE
  5
11F49
330
A
100
AcDbEntity
  8
1
100
AcDbLine
 10
724.9469648224904
 20
438.4167216940543
 30
0.0
 11
904.9469648224904
 21
438.4167216940543
 31
0.0
  0
LINE
  5
11F4A
330
A
100
AcDbEntity
  8
1
 48
0.222746
100
AcDbLine
 10
655.7449998224902
 20
431.9167826940543
 30
0.0
 11
700.2942548224901
 21
431.9167826940543
 31
0.0
  0
LINE
  5
11F4B
330
A
100
AcDbEntity
  8
1
100
AcDbLine
 10
724.9469648224904
 20
240.4168436940543
 30
0.0
 11
904.9469648224904
 21
240.4168436940543
 31
0.0
  0
LINE
  5
11F4C
330
A
100
AcDbEntity
  8
3
100
AcDbLine
 10
1239.94696482249
 20
236.0703776940543
 30
0.0
 11
1239.94696482249
 21
443.8807416940542
 31
0.0
  0
LINE
  5
11F4D
330
A
100
AcDbEntity
  8
1
100
AcDbLine
 10
435.9468728224901
 20
437.4168136940543
 30
0.0
 11
632.94684282249
 21
437.4168136940543
 31
0.0
  0
LINE
  5
11F4E
330
A
100
AcDbEntity
  8
1
 48
0.015033
100
AcDbLine
 10
432.9469188224903
 20
437.2167706940543
 30
0.0
 11
435.9468728224901
 21
437.4168136940543
 31
0.0
  0
LINE
  5
11F4F
330
A
100
AcDbEntity
  8
1
 48
0.22216
100
AcDbLine
 10
368.5149278224899
 20
414.4167826940543
 30
0.0
 11
412.9469188224903
 21
414.4167826940543
 31
0.0
  0
LINE
  5
11F50
330
A
100
AcDbEntity
  8
1
 48
0.22216
100
AcDbLine
 10
368.5149278224899
 20
264.4167826940543
 30
0.0
 11
412.9469188224903
 21
264.4167826940543
 31
0.0
  0
ARC
  5
11F51
330
A
100
AcDbEntity
  8
1
100
AcDbCircle
 10
350.6263618224903
 20
424.4167826940543
 30
0.0
 40
20.00000178813934
100
AcDbArc
 50
270.0000009999999
 51
328.4118599999994
  0
ARC
  5
11F52
330
A
100
AcDbEntity
  8
1
100
AcDbCircle
 10
350.6263618224903
 20
254.4167826940543
 30
0.0
 40
20.00000178813934
100
AcDbArc
 50
31.58813600000012
 51
90.00000300000004
  0
ARC
  5
11F53
330
A
100
AcDbEntity
  8
1
100
AcDbCircle
 10
368.5149278224899
 20
265.4168436940543
 30
0.0
 40
1.000000089406967
100
AcDbArc
 50
211.5881269999998
 51
270.0000009999948
  0
ARC
  5
11F54
330
A
100
AcDbEntity
  8
1
100
AcDbCircle
 10
368.5149278224899
 20
413.4167216940543
 30
0.0
 40
1.000000089406967
100
AcDbArc
 50
90.0000029999844
 51
148.4118689999945
  0
LINE
  5
11F55
330
A
100
AcDbEntity
  8
4
 48
0.021143
100
AcDbLine
 10
2316.94693382249
 20
354.2342876940543
 30
0.0
 11
2319.94711682249
 21
357.2141766940542
 31
0.0
  0
LINE
  5
11F56
330
A
100
AcDbEntity
  8
4
 48
0.074088
100
AcDbLine
 10
2316.94693382249
 20
339.4167826940543
 30
0.0
 11
2316.94693382249
 21
354.2342876940543
 31
0.0
  0
LINE
  5
11F57
330
A
100
AcDbEntity
  8
4
 48
0.070457
100
AcDbLine
 10
2306.94693382249
 20
341.7944076940541
 30
0.0
 11
2316.94693382249
 21
351.7225386940543
 31
0.0
  0
LINE
  5
11F58
330
A
100
AcDbEntity
  8
4
 48
0.074125
100
AcDbLine
 10
2316.94693382249
 20
324.5918016940543
 30
0.0
 11
2316.94693382249
 21
339.4167826940543
 31
0.0
  0
LINE
  5
11F59
330
A
100
AcDbEntity
  8
4
 48
0.021092
100
AcDbLine
 10
2316.94693382249
 20
324.5918016940543
 30
0.0
 11
2319.94711682249
 21
321.6262556940542
 31
0.0
  0
LINE
  5
11F5A
330
A
100
AcDbEntity
  8
4
 48
0.070457
100
AcDbLine
 10
2306.94693382249
 20
337.0391586940543
 30
0.0
 11
2316.94693382249
 21
327.1110276940542
 31
0.0
  0
LINE
  5
11F5B
330
A
100
AcDbEntity
  8
4
 48
0.011888
100
AcDbLine
 10
2306.94693382249
 20
337.0391586940543
 30
0.0
 11
2306.94693382249
 21
339.4167826940543
 31
0.0
  0
LINE
  5
11F5C
330
A
100
AcDbEntity
  8
4
 48
0.025
100
AcDbLine
 10
2301.94693382249
 20
337.0391586940543
 30
0.0
 11
2306.94693382249
 21
337.0391586940543
 31
0.0
  0
LINE
  5
11F5D
330
A
100
AcDbEntity
  8
4
 48
0.011888
100
AcDbLine
 10
2301.94693382249
 20
337.0391586940543
 30
0.0
 11
2301.94693382249
 21
339.4167826940543
 31
0.0
  0
LINE
  5
11F5E
330
A
100
AcDbEntity
  8
4
 48
0.011888
100
AcDbLine
 10
2301.94693382249
 20
339.4167826940543
 30
0.0
 11
2301.94693382249
 21
341.7944076940541
 31
0.0
  0
LINE
  5
11F5F
330
A
100
AcDbEntity
  8
4
 48
0.011888
100
AcDbLine
 10
2306.94693382249
 20
339.4167826940543
 30
0.0
 11
2306.94693382249
 21
341.7944076940541
 31
0.0
  0
LINE
  5
11F60
330
A
100
AcDbEntity
  8
4
 48
0.025
100
AcDbLine
 10
2301.94693382249
 20
341.7944076940541
 30
0.0
 11
2306.94693382249
 21
341.7944076940541
 31
0.0
  0
LINE
  5
11F61
330
A
100
AcDbEntity
  8
4
 48
0.012896
100
AcDbLine
 10
2300.94717882249
 20
339.4167826940543
 30
0.0
 11
2301.94693382249
 21
341.7944076940541
 31
0.0
  0
LINE
  5
11F62
330
A
100
AcDbEntity
  8
4
 48
0.012896
100
AcDbLine
 10
2300.94717882249
 20
339.4167826940543
 30
0.0
 11
2301.94693382249
 21
337.0391586940543
 31
0.0
  0
LINE
  5
11F63
330
A
100
AcDbEntity
  8
3
100
AcDbLine
 10
134.4389338224901
 20
339.4167826940543
 30
0.0
 11
2336.91762582249
 21
339.4167826940543
 31
0.0
  0
ARC
  5
11F64
330
A
100
AcDbEntity
  8
1
100
AcDbCircle
 10
1824.14892982249
 20
481.9167826940543
 30
0.0
 40
50.00000447034836
100
AcDbArc
 50
270.0000009999999
 51
297.1267530000003
  0
ARC
  5
11F65
330
A
100
AcDbEntity
  8
1
100
AcDbCircle
 10
1824.14892982249
 20
196.9167826940543
 30
0.0
 40
50.00000447034836
100
AcDbArc
 50
62.87324399999996
 51
90.00000300000004
  0
ARC
  5
11F66
330
A
100
AcDbEntity
  8
1
100
AcDbCircle
 10
655.7449998224902
 20
481.9167826940543
 30
0.0
 40
50.00000447034836
100
AcDbArc
 50
242.8732489999998
 51
270.0000009999999
  0
ARC
  5
11F67
330
A
100
AcDbEntity
  8
1
100
AcDbCircle
 10
655.7449998224902
 20
196.9167826940543
 30
0.0
 40
50.00000447034836
100
AcDbArc
 50
90.00000300000004
 51
117.1267479999997
  0
LINE
  5
11F6E
330
A
100
AcDbEntity
  8
3
100
AcDbLine
 10
349.94684282249
 20
291.9831396940542
 30
0.0
 11
349.94684282249
 21
271.7143376940542
 31
0.0
  0
LINE
  5
11F6F
330
A
100
AcDbEntity
  8
0
100
AcDbLine
 10
348.3318428224902
 20
289.4167826940543
 30
0.0
 11
348.3318428224902
 21
274.2847286940541
 31
0.0
  0
LINE
  5
11F70
330
A
100
AcDbEntity
  8
0
100
AcDbLine
 10
351.5618428224898
 20
289.4167826940543
 30
0.0
 11
351.5618428224898
 21
274.3948946940543
 31
0.0
  0
LINE
  5
11F71
330
A
100
AcDbEntity
  8
1
100
AcDbLine
 10
348.3318428224902
 20
289.4167826940543
 30
0.0
 11
351.5618428224898
 21
289.4167826940543
 31
0.0
  0
LINE
  5
11F72
330
A
100
AcDbEntity
  8
0
100
AcDbLine
 10
349.94684282249
 20
290.3492036940543
 30
0.0
 11
348.3318428224902
 21
289.4167826940543
 31
0.0
  0
LINE
  5
11F73
330
A
100
AcDbEntity
  8
0
100
AcDbLine
 10
351.5618428224898
 20
289.4167826940543
 30
0.0
 11
349.94684282249
 21
290.3492036940543
 31
0.0
  0
LINE
  5
11F74
330
A
100
AcDbEntity
  8
3
100
AcDbLine
 10
412.9469178224899
 20
281.9831416940542
 30
0.0
 11
412.9469178224899
 21
261.7143406940543
 31
0.0
  0
LINE
  5
11F75
330
A
100
AcDbEntity
  8
0
100
AcDbLine
 10
411.3319178224901
 20
279.4167856940542
 30
0.0
 11
411.3319178224901
 21
264.2847306940541
 31
0.0
  0
LINE
  5
11F76
330
A
100
AcDbEntity
  8
0
100
AcDbLine
 10
414.5619178224897
 20
279.4167856940542
 30
0.0
 11
414.5619178224897
 21
264.3948976940542
 31
0.0
  0
LINE
  5
11F77
330
A
100
AcDbEntity
  8
1
100
AcDbLine
 10
411.3319178224901
 20
279.4167856940542
 30
0.0
 11
414.5619178224897
 21
279.4167856940542
 31
0.0
  0
LINE
  5
11F78
330
A
100
AcDbEntity
  8
0
100
AcDbLine
 10
412.9469178224899
 20
280.3492066940541
 30
0.0
 11
411.3319178224901
 21
279.4167856940542
 31
0.0
  0
LINE
  5
11F79
330
A
100
AcDbEntity
  8
0
100
AcDbLine
 10
414.5619178224897
 20
279.4167856940542
 30
0.0
 11
412.9469178224899
 21
280.3492066940541
 31
0.0
  0
LINE
  5
11F7A
330
A
100
AcDbEntity
  8
3
100
AcDbLine
 10
932.94684282249
 20
266.9793206940542
 30
0.0
 11
932.94684282249
 21
246.7105196940543
 31
0.0
  0
LINE
  5
11F7B
330
A
100
AcDbEntity
  8
0
100
AcDbLine
 10
931.3318428224902
 20
264.4129646940542
 30
0.0
 11
931.3318428224902
 21
249.2809096940541
 31
0.0
  0
LINE
  5
11F7C
330
A
100
AcDbEntity
  8
0
100
AcDbLine
 10
934.5618428224898
 20
264.4129646940542
 30
0.0
 11
934.5618428224898
 21
249.3910766940542
 31
0.0
  0
LINE
  5
11F7D
330
A
100
AcDbEntity
  8
1
100
AcDbLine
 10
931.3318428224902
 20
264.4129646940542
 30
0.0
 11
934.5618428224898
 21
264.4129646940542
 31
0.0
  0
LINE
  5
11F7E
330
A
100
AcDbEntity
  8
0
100
AcDbLine
 10
932.94684282249
 20
265.3453856940541
 30
0.0
 11
931.3318428224902
 21
264.4129646940542
 31
0.0
  0
LINE
  5
11F7F
330
A
100
AcDbEntity
  8
0
100
AcDbLine
 10
934.5618428224898
 20
264.4129646940542
 30
0.0
 11
932.94684282249
 21
265.3453856940541
 31
0.0
  0
LINE
  5
11F80
330
A
100
AcDbEntity
  8
3
100
AcDbLine
 10
1545.94880082249
 20
266.9831436940542
 30
0.0
 11
1545.94880082249
 21
246.7143416940542
 31
0.0
  0
LINE
  5
11F81
330
A
100
AcDbEntity
  8
0
100
AcDbLine
 10
1544.33380082249
 20
264.4167876940542
 30
0.0
 11
1544.33380082249
 21
249.2847326940541
 31
0.0
  0
LINE
  5
11F82
330
A
100
AcDbEntity
  8
0
100
AcDbLine
 10
1547.563800822491
 20
264.4167876940542
 30
0.0
 11
1547.563800822491
 21
249.3948996940542
 31
0.0
  0
LINE
  5
11F83
330
A
100
AcDbEntity
  8
1
100
AcDbLine
 10
1544.33380082249
 20
264.4167876940542
 30
0.0
 11
1547.563800822491
 21
264.4167876940542
 31
0.0
  0
LINE
  5
11F84
330
A
100
AcDbEntity
  8
0
100
AcDbLine
 10
1545.94880082249
 20
265.3492086940541
 30
0.0
 11
1544.33380082249
 21
264.4167876940542
 31
0.0
  0
LINE
  5
11F85
330
A
100
AcDbEntity
  8
0
100
AcDbLine
 10
1547.563800822491
 20
264.4167876940542
 30
0.0
 11
1545.94880082249
 21
265.3492086940541
 31
0.0
  0
LINE
  5
11F86
330
A
100
AcDbEntity
  8
3
100
AcDbLine
 10
2066.94693282249
 20
281.9831416940542
 30
0.0
 11
2066.94693282249
 21
261.7143406940543
 31
0.0
  0
LINE
  5
11F87
330
A
100
AcDbEntity
  8
0
100
AcDbLine
 10
2065.33193282249
 20
279.4167856940542
 30
0.0
 11
2065.33193282249
 21
264.2847306940541
 31
0.0
  0
LINE
  5
11F88
330
A
100
AcDbEntity
  8
0
100
AcDbLine
 10
2068.56193282249
 20
279.4167856940542
 30
0.0
 11
2068.56193282249
 21
264.3948976940542
 31
0.0
  0
LINE
  5
11F89
330
A
100
AcDbEntity
  8
1
100
AcDbLine
 10
2065.33193282249
 20
279.4167856940542
 30
0.0
 11
2068.56193282249
 21
279.4167856940542
 31
0.0
  0
LINE
  5
11F8A
330
A
100
AcDbEntity
  8
0
100
AcDbLine
 10
2066.94693282249
 20
280.3492066940541
 30
0.0
 11
2065.33193282249
 21
279.4167856940542
 31
0.0
  0
LINE
  5
11F8B
330
A
100
AcDbEntity
  8
0
100
AcDbLine
 10
2068.56193282249
 20
279.4167856940542
 30
0.0
 11
2066.94693282249
 21
280.3492066940541
 31
0.0
  0
LINE
  5
11F8C
330
A
100
AcDbEntity
  8
3
100
AcDbLine
 10
2129.94684282249
 20
291.9831396940542
 30
0.0
 11
2129.94684282249
 21
271.7143376940542
 31
0.0
  0
LINE
  5
11F8D
330
A
100
AcDbEntity
  8
0
100
AcDbLine
 10
2128.33184282249
 20
289.4167826940543
 30
0.0
 11
2128.33184282249
 21
274.2847286940541
 31
0.0
  0
LINE
  5
11F8E
330
A
100
AcDbEntity
  8
0
100
AcDbLine
 10
2131.56184282249
 20
289.4167826940543
 30
0.0
 11
2131.56184282249
 21
274.3948946940543
 31
0.0
  0
LINE
  5
11F8F
330
A
100
AcDbEntity
  8
1
100
AcDbLine
 10
2128.33184282249
 20
289.4167826940543
 30
0.0
 11
2131.56184282249
 21
289.4167826940543
 31
0.0
  0
LINE
  5
11F90
330
A
100
AcDbEntity
  8
0
100
AcDbLine
 10
2129.94684282249
 20
290.3492036940543
 30
0.0
 11
2128.33184282249
 21
289.4167826940543
 31
0.0
  0
LINE
  5
11F91
330
A
100
AcDbEntity
  8
0
100
AcDbLine
 10
2131.56184282249
 20
289.4167826940543
 30
0.0
 11
2129.94684282249
 21
290.3492036940543
 31
0.0
  0
VIEWPORT
  5
923F
330
B
100
AcDbEntity
 67
     1
  8
0
 62
     0
 48
0.0
100
AcDbViewport
 10
0.0
 20
0.0
 30
0.0
 40
1000.0
 41
1000.0
 68
     1
 69
     1
 12
0.0
 22
0.0
 13
0.0
 23
0.0
 14
1.0
 24
1.0
 15
1.0
 25
1.0
 16
0.0
 26
0.0
 36
1.0
 17
0.0
 27
0.0
 37
0.0
 42
50.0
 43
0.0
 44
0.0
 45
1000.0
 50
0.0
 51
0.0
 72
   100
 90
    32800
  1

281
     0
 71
     1
 74
     0
110
0.0
120
0.0
130
0.0
111
1.0
121
0.0
131
0.0
112
0.0
122
1.0
132
0.0
 79
     0
146
0.0
170
     0
 61
     5
348
9278
292
     1
282
     1
141
0.0
142
0.0
 63
   256
  0
ENDSEC
  0
SECTION
  2
OBJECTS
  0
DICTIONARY
  5
19
330
0
100
AcDbDictionary
281
     1
  3
ACAD_COLOR
350
9246
  3
ACAD_DETAILVIEWSTYLE
350
11EE5
  3
ACAD_GROUP
350
1A
  3
ACAD_LAYOUT
350
9249
  3
ACAD_MATERIAL
350
9245
  3
ACAD_MLEADERSTYLE
350
9691
  3
ACAD_MLINESTYLE
350
1B
  3
ACAD_PLOTSETTINGS
350
924A
  3
ACAD_PLOTSTYLENAME
350
9243
  3
ACAD_SCALELIST
350
9665
  3
ACAD_SECTIONVIEWSTYLE
350
11EE6
  3
ACAD_TABLESTYLE
350
9247
  3
ACAD_VISUALSTYLE
350
9272
  3
AcadDim_CRX
350
D77C
  3
ACDB_RECOMPOSE_DATA
350
1204E
  3
AcDbVariableDictionary
350
926C
  3
ASE_INDEX_DICTIONARY
350
9641
  0
SUN
  5
9693
330
926B
100
AcDbSun
 90
        1
290
     0
 63
     7
421
 16777215
 40
1.0
291
     1
 91
  2455826
 92
 54000000
292
     0
 70
     2
 71
   256
280
     1
  0
DICTIONARY
  5
92B1
330
2
100
AcDbDictionary
280
     1
281
     1
  3
ACAD_LAYERFILTERS
360
961A
  3
ACLYDICTIONARY
360
9619
  0
DICTIONARY
  5
95F6
330
A
100
AcDbDictionary
280
     1
281
     1
  3
ACAD_SORTENTS
360
95F7
  0
DICTIONARY
  5
9263
330
925A
100
AcDbDictionary
280
     1
281
     1
  3
ACAD_SORTENTS
360
9264
  0
DICTIONARY
  5
9246
102
{ACAD_REACTORS
330
19
102
}
330
19
100
AcDbDictionary
281
     1
  0
DICTIONARY
  5
11EE5
102
{ACAD_REACTORS
330
19
102
}
330
19
100
AcDbDictionary
281
     1
  0
DICTIONARY
  5
1A
102
{ACAD_REACTORS
330
19
102
}
330
19
100
AcDbDictionary
281
     1
  0
DICTIONARY
  5
9249
102
{ACAD_REACTORS
330
19
102
}
330
19
100
AcDbDictionary
281
     1
  3
Layout1
350
924C
  3
Model
350
924B
  0
DICTIONARY
  5
9245
102
{ACAD_REACTORS
330
19
102
}
330
19
100
AcDbDictionary
281
     1
  3
ByBlock
350
9270
  3
ByLayer
350
926F
  3
Global
350
9271
  0
DICTIONARY
  5
9691
102
{ACAD_REACTORS
330
19
102
}
330
19
100
AcDbDictionary
281
     1
  3
Standard
350
9692
  0
DICTIONARY
  5
1B
102
{ACAD_REACTORS
330
19
102
}
330
19
100
AcDbDictionary
281
     1
  3
STANDARD
350
1C
  0
DICTIONARY
  5
924A
102
{ACAD_REACTORS
330
19
102
}
330
19
100
AcDbDictionary
281
     1
  0
ACDBDICTIONARYWDFLT
  5
9243
102
{ACAD_REACTORS
330
19
102
}
330
19
100
AcDbDictionary
281
     1
  3
Normal
350
9244
100
AcDbDictionaryWithDefault
340
9244
  0
DICTIONARY
  5
9665
102
{ACAD_REACTORS
330
19
102
}
330
19
100
AcDbDictionary
281
     1
  3
A0
350
9666
  3
A1
350
9667
  3
A2
350
9668
  3
A3
350
9669
  3
A4
350
966A
  3
A5
350
966B
  3
A6
350
966C
  3
A7
350
966D
  3
A8
350
966E
  3
A9
350
966F
  3
B0
350
9670
  3
B1
350
9671
  3
B2
350
9672
  3
B3
350
9673
  3
B4
350
9674
  3
B5
350
9675
  3
B6
350
9676
  3
B7
350
9677
  3
B8
350
9678
  3
B9
350
9679
  3
C0
350
967A
  3
C1
350
967B
  3
C2
350
967C
  3
C3
350
967D
  3
C4
350
967E
  3
C5
350
967F
  3
C6
350
9680
  3
C7
350
9681
  3
C8
350
9682
  3
C9
350
9683
  3
D0
350
9684
  3
D1
350
9685
  3
D2
350
9686
  0
DICTIONARY
  5
11EE6
102
{ACAD_REACTORS
330
19
102
}
330
19
100
AcDbDictionary
281
     1
  0
DICTIONARY
  5
9247
102
{ACAD_REACTORS
330
19
102
}
330
19
100
AcDbDictionary
281
     1
  3
Standard
350
9248
  0
DICTIONARY
  5
9272
102
{ACAD_REACTORS
330
19
102
}
330
19
100
AcDbDictionary
281
     1
  3
2dWireframe
350
9278
  3
3D Hidden
350
927A
  3
3dWireframe
350
9279
  3
Basic
350
9277
  3
Brighten
350
927E
  3
ColorChange
350
9282
  3
Conceptual
350
927B
  3
Dim
350
927D
  3
EdgeColorOff
350
968B
  3
Facepattern
350
9281
  3
Flat
350
9273
  3
FlatWithEdges
350
9274
  3
Gouraud
350
9275
  3
GouraudWithEdges
350
9276
  3
Hidden
350
9688
  3
JitterOff
350
9689
  3
Linepattern
350
9280
  3
OverhangOff
350
968A
  3
Realistic
350
927C
  3
Shaded
350
9690
  3
Shaded with edges
350
968F
  3
Shades of Gray
350
968C
  3
Sketchy
350
968D
  3
Thicken
350
927F
  3
Wireframe
350
9687
  3
X-Ray
350
968E
  0
XRECORD
  5
D77C
102
{ACAD_REACTORS
330
19
102
}
330
19
100
AcDbXrecord
280
     1
280
     1
 90
   990106
  3

 40
5.0
 60
     0
 61
     0
 62
     3
 63
     1
 64
     0
 65
     0
 66
     0
 67
     3
 68
     1
 69
     0
 70
     0
 71
     0
 72
     0
170
     0
  0
XRECORD
  5
1204E
102
{ACAD_REACTORS
330
19
102
}
330
19
100
AcDbXrecord
280
     1
 90
        1
330
9248
  0
DICTIONARY
  5
926C
102
{ACAD_REACTORS
330
19
102
}
330
19
100
AcDbDictionary
281
     1
  3
CANNOSCALE
350
11EFB
  3
CMLEADERSTYLE
350
11EFD
  3
CTABLESTYLE
350
11EFC
  3
MSLTSCALE
350
11EFE
  0
DICTIONARY
  5
9641
102
{ACAD_REACTORS
330
19
102
}
330
19
100
AcDbDictionary
281
     1
  3
ASEBlockHierarchyIndexRecord
350
9642
1001
DCO15
1040
1650794109.0
  0
DICTIONARY
  5
961A
102
{ACAD_REACTORS
330
92B1
102
}
330
92B1
100
AcDbDictionary
281
     1
  0
DICTIONARY
  5
9619
102
{ACAD_REACTORS
330
92B1
102
}
330
92B1
100
AcDbDictionary
281
     1
1001
ACAD
1000
<All
  0
SORTENTSTABLE
  5
95F7
102
{ACAD_REACTORS
330
95F6
102
}
330
95F6
100
AcDbSortentsTable
330
A
331
0
  5
2EF
331
0
  5
D643
331
0
  5
D645
331
0
  5
D646
331
0
  5
D647
331
0
  5
D649
331
0
  5
D650
331
0
  5
D763
331
0
  5
D764
331
0
  5
D765
331
0
  5
D766
331
0
  5
D761
  0
SORTENTSTABLE
  5
9264
102
{ACAD_REACTORS
330
9263
102
}
330
9263
100
AcDbSortentsTable
330
925A
  0
LAYOUT
  5
924C
102
{ACAD_REACTORS
330
9249
102
}
330
9249
100
AcDbPlotSettings
  1

  2
Microsoft Office Document Image Writer
  4

  6

 40
0.0
 41
0.0
 42
0.0
 43
0.0
 44
0.0
 45
0.0
 46
0.0
 47
0.0
 48
0.0
 49
0.0
140
0.0
141
0.0
142
1.0
143
1.0
 70
   688
 72
     0
 73
     0
 74
     5
  7
Monochrome.ctb
 75
    16
 76
     0
 77
     2
 78
   300
147
1.0
148
0.0
149
0.0
100
AcDbLayout
  1
Layout1
 70
     1
 71
     1
 10
0.0
 20
0.0
 11
420.0
 21
297.0
 12
0.0
 22
0.0
 32
0.0
 14
0.0
 24
0.0
 34
0.0
 15
840.0
 25
593.590759
 35
2.0
146
0.0
 13
0.0
 23
0.0
 33
0.0
 16
1.0
 26
0.0
 36
0.0
 17
0.0
 27
1.0
 37
0.0
 76
     0
330
B
331
923F
  0
LAYOUT
  5
924B
102
{ACAD_REACTORS
330
9249
102
}
330
9249
100
AcDbPlotSettings
  1

  2
Microsoft Print to PDF
  4
A3
  6

 40
3.175
 41
3.175
 42
3.175
 43
3.175
 44
297.0
 45
420.0
 46
0.0
 47
0.0
 48
-138.0
 49
2314.000034
140
3222.0
141
-58.0
142
1.0
143
207.289871
 70
  1712
 72
     0
 73
     1
 74
     4
  7
Monochrome.ctb
 75
     0
 76
     0
 77
     2
 78
   300
147
0.004824
148
-44557.179213
149
-25035.077024
100
AcDbLayout
  1
Model
 70
     1
 71
     0
 10
0.0
 20
0.0
 11
12.0
 21
9.0
 12
0.0
 22
0.0
 32
0.0
 14
0.0
 24
0.0
 34
0.0
 15
0.0
 25
0.0
 35
0.0
146
0.0
 13
0.0
 23
0.0
 33
0.0
 16
1.0
 26
0.0
 36
0.0
 17
0.0
 27
1.0
 37
0.0
 76
     0
330
A
331
926B
  0
MATERIAL
  5
9270
102
{ACAD_REACTORS
330
9245
102
}
330
9245
100
AcDbMaterial
  1
ByBlock
 72
     1
 94
       63
  0
MATERIAL
  5
926F
102
{ACAD_REACTORS
330
9245
102
}
330
9245
100
AcDbMaterial
  1
ByLayer
 72
     1
 94
       63
  0
MATERIAL
  5
9271
102
{ACAD_REACTORS
330
9245
102
}
330
9245
100
AcDbMaterial
  1
Global
 72
     1
 94
       63
  0
MLEADERSTYLE
  5
9692
102
{ACAD_REACTORS
330
9691
102
}
330
9691
100
AcDbMLeaderStyle
179
     2
170
     2
171
     1
172
     0
 90
        2
 40
0.0
 41
0.0
173
     1
 91
-1056964608
340
11
 92
       -2
290
     1
 42
2.0
291
     1
 43
8.0
  3
Standard
341
0
 44
4.0
300

342
17
174
     1
178
     6
175
     1
176
     0
 93
-1056964608
 45
4.0
292
     0
297
     0
 46
4.0
343
0
 94
-1056964608
 47
1.0
 49
1.0
140
1.0
293
     1
141
0.0
294
     1
177
     0
142
1.0
295
     0
296
     0
143
3.75
271
     0
272
     9
273
     9
298
     0
  0
MLINESTYLE
  5
1C
102
{ACAD_REACTORS
330
1B
102
}
330
1B
100
AcDbMlineStyle
  2
STANDARD
 70
     0
  3

 62
     0
 51
90.0
 52
90.0
 71
     2
 49
0.5
 62
   256
  6
BYLAYER
 49
-0.5
 62
   256
  6
BYLAYER
  0
ACDBPLACEHOLDER
  5
9244
102
{ACAD_REACTORS
330
9243
102
}
330
9243
  0
SCALE
  5
9666
102
{ACAD_REACTORS
330
9665
102
}
330
9665
100
AcDbScale
 70
     0
300
1:1
140
1.0
141
1.0
290
     1
  0
SCALE
  5
9667
102
{ACAD_REACTORS
330
9665
102
}
330
9665
100
AcDbScale
 70
     0
300
1:2
140
1.0
141
2.0
290
     0
  0
SCALE
  5
9668
102
{ACAD_REACTORS
330
9665
102
}
330
9665
100
AcDbScale
 70
     0
300
1:4
140
1.0
141
4.0
290
     0
  0
SCALE
  5
9669
102
{ACAD_REACTORS
330
9665
102
}
330
9665
100
AcDbScale
 70
     0
300
1:5
140
1.0
141
5.0
290
     0
  0
SCALE
  5
966A
102
{ACAD_REACTORS
330
9665
102
}
330
9665
100
AcDbScale
 70
     0
300
1:8
140
1.0
141
8.0
290
     0
  0
SCALE
  5
966B
102
{ACAD_REACTORS
330
9665
102
}
330
9665
100
AcDbScale
 70
     0
300
1:10
140
1.0
141
10.0
290
     0
  0
SCALE
  5
966C
102
{ACAD_REACTORS
330
9665
102
}
330
9665
100
AcDbScale
 70
     0
300
1:16
140
1.0
141
16.0
290
     0
  0
SCALE
  5
966D
102
{ACAD_REACTORS
330
9665
102
}
330
9665
100
AcDbScale
 70
     0
300
1:20
140
1.0
141
20.0
290
     0
  0
SCALE
  5
966E
102
{ACAD_REACTORS
330
9665
102
}
330
9665
100
AcDbScale
 70
     0
300
1:30
140
1.0
141
30.0
290
     0
  0
SCALE
  5
966F
102
{ACAD_REACTORS
330
9665
102
}
330
9665
100
AcDbScale
 70
     0
300
1:40
140
1.0
141
40.0
290
     0
  0
SCALE
  5
9670
102
{ACAD_REACTORS
330
9665
102
}
330
9665
100
AcDbScale
 70
     0
300
1:50
140
1.0
141
50.0
290
     0
  0
SCALE
  5
9671
102
{ACAD_REACTORS
330
9665
102
}
330
9665
100
AcDbScale
 70
     0
300
1:100
140
1.0
141
100.0
290
     0
  0
SCALE
  5
9672
102
{ACAD_REACTORS
330
9665
102
}
330
9665
100
AcDbScale
 70
     0
300
2:1
140
2.0
141
1.0
290
     0
  0
SCALE
  5
9673
102
{ACAD_REACTORS
330
9665
102
}
330
9665
100
AcDbScale
 70
     0
300
4:1
140
4.0
141
1.0
290
     0
  0
SCALE
  5
9674
102
{ACAD_REACTORS
330
9665
102
}
330
9665
100
AcDbScale
 70
     0
300
8:1
140
8.0
141
1.0
290
     0
  0
SCALE
  5
9675
102
{ACAD_REACTORS
330
9665
102
}
330
9665
100
AcDbScale
 70
     0
300
10:1
140
10.0
141
1.0
290
     0
  0
SCALE
  5
9676
102
{ACAD_REACTORS
330
9665
102
}
330
9665
100
AcDbScale
 70
     0
300
100:1
140
100.0
141
1.0
290
     0
  0
SCALE
  5
9677
102
{ACAD_REACTORS
330
9665
102
}
330
9665
100
AcDbScale
 70
     0
300
1/128" = 1'-0"
140
0.007812
141
12.0
290
     0
  0
SCALE
  5
9678
102
{ACAD_REACTORS
330
9665
102
}
330
9665
100
AcDbScale
 70
     0
300
1/64" = 1'-0"
140
0.015625
141
12.0
290
     0
  0
SCALE
  5
9679
102
{ACAD_REACTORS
330
9665
102
}
330
9665
100
AcDbScale
 70
     0
300
1/32" = 1'-0"
140
0.03125
141
12.0
290
     0
  0
SCALE
  5
967A
102
{ACAD_REACTORS
330
9665
102
}
330
9665
100
AcDbScale
 70
     0
300
1/16" = 1'-0"
140
0.0625
141
12.0
290
     0
  0
SCALE
  5
967B
102
{ACAD_REACTORS
330
9665
102
}
330
9665
100
AcDbScale
 70
     0
300
3/32" = 1'-0"
140
0.09375
141
12.0
290
     0
  0
SCALE
  5
967C
102
{ACAD_REACTORS
330
9665
102
}
330
9665
100
AcDbScale
 70
     0
300
1/8" = 1'-0"
140
0.125
141
12.0
290
     0
  0
SCALE
  5
967D
102
{ACAD_REACTORS
330
9665
102
}
330
9665
100
AcDbScale
 70
     0
300
3/16" = 1'-0"
140
0.1875
141
12.0
290
     0
  0
SCALE
  5
967E
102
{ACAD_REACTORS
330
9665
102
}
330
9665
100
AcDbScale
 70
     0
300
1/4" = 1'-0"
140
0.25
141
12.0
290
     0
  0
SCALE
  5
967F
102
{ACAD_REACTORS
330
9665
102
}
330
9665
100
AcDbScale
 70
     0
300
3/8" = 1'-0"
140
0.375
141
12.0
290
     0
  0
SCALE
  5
9680
102
{ACAD_REACTORS
330
9665
102
}
330
9665
100
AcDbScale
 70
     0
300
1/2" = 1'-0"
140
0.5
141
12.0
290
     0
  0
SCALE
  5
9681
102
{ACAD_REACTORS
330
9665
102
}
330
9665
100
AcDbScale
 70
     0
300
3/4" = 1'-0"
140
0.75
141
12.0
290
     0
  0
SCALE
  5
9682
102
{ACAD_REACTORS
330
9665
102
}
330
9665
100
AcDbScale
 70
     0
300
1" = 1'-0"
140
1.0
141
12.0
290
     0
  0
SCALE
  5
9683
102
{ACAD_REACTORS
330
9665
102
}
330
9665
100
AcDbScale
 70
     0
300
1-1/2" = 1'-0"
140
1.5
141
12.0
290
     0
  0
SCALE
  5
9684
102
{ACAD_REACTORS
330
9665
102
}
330
9665
100
AcDbScale
 70
     0
300
3" = 1'-0"
140
3.0
141
12.0
290
     0
  0
SCALE
  5
9685
102
{ACAD_REACTORS
330
9665
102
}
330
9665
100
AcDbScale
 70
     0
300
6" = 1'-0"
140
6.0
141
12.0
290
     0
  0
SCALE
  5
9686
102
{ACAD_REACTORS
330
9665
102
}
330
9665
100
AcDbScale
 70
     0
300
1'-0" = 1'-0"
140
12.0
141
12.0
290
     0
  0
TABLESTYLE
  5
9248
102
{ACAD_REACTORS
330
9247
102
}
102
{ACAD_XDICTIONARY
360
1204C
102
}
330
9247
100
AcDbTableStyle
  3
Standard
 70
     0
 71
     0
 40
1.5
 41
1.5
280
     0
281
     0
  7
STANDARD
140
4.5
170
     2
 62
     0
 63
   257
283
     0
 90
        4
 91
        0
  1

274
    -2
284
     1
 64
     0
275
    -2
285
     1
 65
     0
276
    -2
286
     1
 66
     0
277
    -2
287
     1
 67
     0
278
    -2
288
     1
 68
     0
279
    -2
289
     1
 69
     0
  7
STANDARD
140
6.0
170
     5
 62
     0
 63
   257
283
     0
 90
        4
 91
        0
  1

274
    -2
284
     1
 64
     0
275
    -2
285
     1
 65
     0
276
    -2
286
     1
 66
     0
277
    -2
287
     1
 67
     0
278
    -2
288
     1
 68
     0
279
    -2
289
     1
 69
     0
  7
STANDARD
140
4.5
170
     5
 62
     0
 63
   257
283
     0
 90
        4
 91
        0
  1

274
    -2
284
     1
 64
     0
275
    -2
285
     1
 65
     0
276
    -2
286
     1
 66
     0
277
    -2
287
     1
 67
     0
278
    -2
288
     1
 68
     0
279
    -2
289
     1
 69
     0
  0
VISUALSTYLE
  5
9278
102
{ACAD_REACTORS
330
9272
102
}
330
9272
100
AcDbVisualStyle
  2
2dWireframe
 70
     4
177
     3
291
     0
 70
    58
 90
        0
176
     1
 90
        2
176
     1
 90
        0
176
     1
 90
        0
176
     1
 40
-0.6
176
     1
 40
-30.0
176
     1
 62
     7
176
     1
 90
        1
176
     1
 90
        4
176
     1
 62
     7
176
     1
 62
   257
176
     1
 90
        1
176
     1
 90
        1
176
     1
 40
1.0
176
     1
 90
        0
176
     1
 62
   257
176
     1
 40
1.0
176
     1
 90
        1
176
     1
 90
        6
176
     1
 90
        2
176
     1
 62
     7
176
     1
 90
        5
176
     1
 90
        0
176
     1
 90
        0
176
     1
290
     0
176
     1
 90
        1
176
     1
 40
0.0
176
     1
 90
        0
176
     1
290
     1
176
     1
290
     1
176
     1
290
     0
176
     1
290
     0
176
     1
290
     0
176
     1
290
     0
176
     1
290
     0
176
     1
290
     0
176
     1
290
     0
176
     1
 90
       50
176
     1
 40
0.0
176
     1
 40
1.0
176
     1
 90
        0
176
     1
 62
    18
420
        0
176
     1
 90
       50
176
     1
 90
        3
176
     1
 62
     5
420
      255
176
     1
290
     0
176
     1
 90
       50
176
     1
 90
       50
176
     1
 90
       50
176
     1
290
     0
176
     1
 90
       50
176
     1
 62
   256
176
     0
 40
1.0
176
     0
 90
        2
176
     1
  1
strokes_ogs.tif
176
     1
290
     0
176
     1
 40
1.0
176
     1
 40
1.0
176
     1
  0
VISUALSTYLE
  5
927A
102
{ACAD_REACTORS
330
9272
102
}
330
9272
100
AcDbVisualStyle
  2
3D Hidden
 70
     6
177
     3
291
     0
 70
    58
 90
        1
176
     1
 90
        2
176
     1
 90
        2
176
     1
 90
        0
176
     1
 40
-0.6
176
     1
 40
-30.0
176
     1
 62
     7
176
     1
 90
        2
176
     1
 90
        2
176
     1
 62
     7
176
     1
 62
   257
176
     1
 90
        2
176
     1
 90
        1
176
     1
 40
40.0
176
     1
 90
        0
176
     1
 62
   257
176
     1
 40
1.0
176
     1
 90
        1
176
     1
 90
        6
176
     1
 90
        2
176
     1
 62
     7
176
     1
 90
        3
176
     1
 90
        0
176
     1
 90
        0
176
     1
290
     0
176
     1
 90
        1
176
     1
 40
0.0
176
     1
 90
        0
176
     1
290
     0
176
     1
290
     1
176
     1
290
     1
176
     1
290
     0
176
     1
290
     0
176
     1
290
     0
176
     1
290
     0
176
     1
290
     0
176
     1
290
     0
176
     1
 90
       50
176
     1
 40
0.0
176
     1
 40
1.0
176
     1
 90
        0
176
     1
 62
    18
420
        0
176
     1
 90
       50
176
     1
 90
        3
176
     1
 62
     5
420
      255
176
     1
290
     0
176
     1
 90
       50
176
     1
 90
       50
176
     1
 90
       50
176
     1
290
     0
176
     1
 90
       50
176
     1
 62
   256
176
     0
 40
1.0
176
     0
 90
        2
176
     1
  1
strokes_ogs.tif
176
     1
290
     0
176
     1
 40
1.0
176
     1
 40
1.0
176
     1
  0
VISUALSTYLE
  5
9279
102
{ACAD_REACTORS
330
9272
102
}
330
9272
100
AcDbVisualStyle
  2
3dWireframe
 70
     5
177
     3
291
     0
 70
    58
 90
        0
176
     1
 90
        2
176
     1
 90
        0
176
     1
 90
        0
176
     1
 40
-0.6
176
     1
 40
-30.0
176
     1
 62
     7
176
     1
 90
        1
176
     1
 90
        4
176
     1
 62
     7
176
     1
 62
   257
176
     1
 90
        1
176
     1
 90
        1
176
     1
 40
1.0
176
     1
 90
        0
176
     1
 62
   257
176
     1
 40
1.0
176
     1
 90
        1
176
     1
 90
        6
176
     1
 90
        2
176
     1
 62
     7
176
     1
 90
        5
176
     1
 90
        0
176
     1
 90
        0
176
     1
290
     0
176
     1
 90
        1
176
     1
 40
0.0
176
     1
 90
        0
176
     1
290
     0
176
     1
290
     1
176
     1
290
     1
176
     1
290
     0
176
     1
290
     0
176
     1
290
     0
176
     1
290
     0
176
     1
290
     0
176
     1
290
     0
176
     1
 90
       50
176
     1
 40
0.0
176
     1
 40
1.0
176
     1
 90
        0
176
     1
 62
    18
420
        0
176
     1
 90
       50
176
     1
 90
        3
176
     1
 62
     5
420
      255
176
     1
290
     0
176
     1
 90
       50
176
     1
 90
       50
176
     1
 90
       50
176
     1
290
     0
176
     1
 90
       50
176
     1
 62
   256
176
     0
 40
1.0
176
     0
 90
        2
176
     1
  1
strokes_ogs.tif
176
     1
290
     0
176
     1
 40
1.0
176
     1
 40
1.0
176
     1
  0
VISUALSTYLE
  5
9277
102
{ACAD_REACTORS
330
9272
102
}
330
9272
100
AcDbVisualStyle
  2
Basic
 70
     7
177
     3
291
     1
 70
    58
 90
        1
176
     1
 90
        0
176
     1
 90
        1
176
     1
 90
        0
176
     1
 40
-0.6
176
     1
 40
-30.0
176
     1
 62
     7
176
     1
 90
        0
176
     1
 90
        4
176
     1
 62
     7
176
     1
 62
   257
176
     1
 90
        1
176
     1
 90
        1
176
     1
 40
1.0
176
     1
 90
        8
176
     1
 62
     7
176
     1
 40
1.0
176
     1
 90
        1
176
     1
 90
        6
176
     1
 90
        2
176
     1
 62
     7
176
     1
 90
        5
176
     1
 90
        0
176
     1
 90
        0
176
     1
290
     0
176
     1
 90
        1
176
     1
 40
0.0
176
     1
 90
        0
176
     1
290
     0
176
     1
290
     1
176
     1
290
     1
176
     1
290
     0
176
     1
290
     0
176
     1
290
     0
176
     1
290
     0
176
     1
290
     0
176
     1
290
     0
176
     1
 90
       50
176
     1
 40
0.0
176
     1
 40
1.0
176
     1
 90
        0
176
     1
 62
    18
420
        0
176
     1
 90
       50
176
     1
 90
        3
176
     1
 62
     5
420
      255
176
     1
290
     0
176
     1
 90
       50
176
     1
 90
       50
176
     1
 90
       50
176
     1
290
     0
176
     1
 90
       50
176
     1
 62
   256
176
     0
 40
1.0
176
     0
 90
        2
176
     1
  1
strokes_ogs.tif
176
     1
290
     0
176
     1
 40
1.0
176
     1
 40
1.0
176
     1
  0
VISUALSTYLE
  5
927E
102
{ACAD_REACTORS
330
9272
102
}
330
9272
100
AcDbVisualStyle
  2
Brighten
 70
    12
177
     3
291
     1
 70
    58
 90
        2
176
     1
 90
        2
176
     1
 90
        0
176
     1
 90
        0
176
     1
 40
-0.6
176
     1
 40
-30.0
176
     1
 62
     7
176
     1
 90
        1
176
     1
 90
        4
176
     1
 62
     7
176
     1
 62
   257
176
     1
 90
        1
176
     1
 90
        1
176
     1
 40
1.0
176
     1
 90
        8
176
     1
 62
     7
176
     1
 40
1.0
176
     1
 90
        1
176
     1
 90
        6
176
     1
 90
        2
176
     1
 62
     7
176
     1
 90
        5
176
     1
 90
        0
176
     1
 90
        0
176
     1
290
     0
176
     1
 90
        1
176
     1
 40
50.0
176
     1
 90
        0
176
     1
290
     0
176
     1
290
     1
176
     1
290
     1
176
     1
290
     0
176
     1
290
     0
176
     1
290
     0
176
     1
290
     0
176
     1
290
     0
176
     1
290
     0
176
     1
 90
       50
176
     1
 40
0.0
176
     1
 40
1.0
176
     1
 90
        0
176
     1
 62
    18
420
        0
176
     1
 90
       50
176
     1
 90
        3
176
     1
 62
     5
420
      255
176
     1
290
     0
176
     1
 90
       50
176
     1
 90
       50
176
     1
 90
       50
176
     1
290
     0
176
     1
 90
       50
176
     1
 62
   256
176
     0
 40
1.0
176
     0
 90
        2
176
     1
  1
strokes_ogs.tif
176
     1
290
     0
176
     1
 40
1.0
176
     1
 40
1.0
176
     1
  0
VISUALSTYLE
  5
9282
102
{ACAD_REACTORS
330
9272
102
}
330
9272
100
AcDbVisualStyle
  2
ColorChange
 70
    16
177
     3
291
     1
 70
    58
 90
        2
176
     1
 90
        2
176
     1
 90
        3
176
     1
 90
        0
176
     1
 40
-0.6
176
     1
 40
-30.0
176
     1
 62
     8
176
     1
 90
        1
176
     1
 90
        4
176
     1
 62
     7
176
     1
 62
   257
176
     1
 90
        1
176
     1
 90
        1
176
     1
 40
1.0
176
     1
 90
        8
176
     1
 62
     8
176
     1
 40
1.0
176
     1
 90
        1
176
     1
 90
        6
176
     1
 90
        2
176
     1
 62
     7
176
     1
 90
        5
176
     1
 90
        0
176
     1
 90
        0
176
     1
290
     0
176
     1
 90
        1
176
     1
 40
0.0
176
     1
 90
        0
176
     1
290
     0
176
     1
290
     1
176
     1
290
     1
176
     1
290
     0
176
     1
290
     0
176
     1
290
     0
176
     1
290
     0
176
     1
290
     0
176
     1
290
     0
176
     1
 90
       50
176
     1
 40
0.0
176
     1
 40
1.0
176
     1
 90
        0
176
     1
 62
    18
420
        0
176
     1
 90
       50
176
     1
 90
        3
176
     1
 62
     5
420
      255
176
     1
290
     0
176
     1
 90
       50
176
     1
 90
       50
176
     1
 90
       50
176
     1
290
     0
176
     1
 90
       50
176
     1
 62
   256
176
     0
 40
1.0
176
     0
 90
        2
176
     1
  1
strokes_ogs.tif
176
     1
290
     0
176
     1
 40
1.0
176
     1
 40
1.0
176
     1
  0
VISUALSTYLE
  5
927B
102
{ACAD_REACTORS
330
9272
102
}
330
9272
100
AcDbVisualStyle
  2
Conceptual
 70
     9
177
     3
291
     0
 70
    58
 90
        3
176
     1
 90
        2
176
     1
 90
        0
176
     1
 90
        0
176
     1
 40
-0.6
176
     1
 40
-30.0
176
     1
 62
     7
176
     1
 90
        2
176
     1
 90
        2
176
     1
 62
     7
176
     1
 62
   257
176
     1
 90
        1
176
     1
 90
        1
176
     1
 40
40.0
176
     1
 90
        8
176
     1
 62
     7
176
     1
 40
1.0
176
     1
 90
        1
176
     1
 90
        6
176
     1
 90
        2
176
     1
 62
     7
176
     1
 90
        3
176
     1
 90
        0
176
     1
 90
        0
176
     1
290
     0
176
     1
 90
        1
176
     1
 40
0.0
176
     1
 90
        0
176
     1
290
     0
176
     1
290
     1
176
     1
290
     1
176
     1
290
     0
176
     1
290
     0
176
     1
290
     0
176
     1
290
     0
176
     1
290
     0
176
     1
290
     0
176
     1
 90
       50
176
     1
 40
0.0
176
     1
 40
1.0
176
     1
 90
        0
176
     1
 62
    18
420
        0
176
     1
 90
       50
176
     1
 90
        3
176
     1
 62
     5
420
      255
176
     1
290
     0
176
     1
 90
       50
176
     1
 90
       50
176
     1
 90
       50
176
     1
290
     0
176
     1
 90
       50
176
     1
 62
   256
176
     0
 40
1.0
176
     0
 90
        2
176
     1
  1
strokes_ogs.tif
176
     1
290
     0
176
     1
 40
1.0
176
     1
 40
1.0
176
     1
  0
VISUALSTYLE
  5
927D
102
{ACAD_REACTORS
330
9272
102
}
330
9272
100
AcDbVisualStyle
  2
Dim
 70
    11
177
     3
291
     1
 70
    58
 90
        2
176
     1
 90
        2
176
     1
 90
        0
176
     1
 90
        0
176
     1
 40
-0.6
176
     1
 40
-30.0
176
     1
 62
     7
176
     1
 90
        1
176
     1
 90
        4
176
     1
 62
     7
176
     1
 62
   257
176
     1
 90
        1
176
     1
 90
        1
176
     1
 40
1.0
176
     1
 90
        8
176
     1
 62
     7
176
     1
 40
1.0
176
     1
 90
        1
176
     1
 90
        6
176
     1
 90
        2
176
     1
 62
     7
176
     1
 90
        5
176
     1
 90
        0
176
     1
 90
        0
176
     1
290
     0
176
     1
 90
        1
176
     1
 40
-50.0
176
     1
 90
        0
176
     1
290
     0
176
     1
290
     1
176
     1
290
     1
176
     1
290
     0
176
     1
290
     0
176
     1
290
     0
176
     1
290
     0
176
     1
290
     0
176
     1
290
     0
176
     1
 90
       50
176
     1
 40
0.0
176
     1
 40
1.0
176
     1
 90
        0
176
     1
 62
    18
420
        0
176
     1
 90
       50
176
     1
 90
        3
176
     1
 62
     5
420
      255
176
     1
290
     0
176
     1
 90
       50
176
     1
 90
       50
176
     1
 90
       50
176
     1
290
     0
176
     1
 90
       50
176
     1
 62
   256
176
     0
 40
1.0
176
     0
 90
        2
176
     1
  1
strokes_ogs.tif
176
     1
290
     0
176
     1
 40
1.0
176
     1
 40
1.0
176
     1
  0
VISUALSTYLE
  5
968B
102
{ACAD_REACTORS
330
9272
102
}
330
9272
100
AcDbVisualStyle
  2
EdgeColorOff
 70
    22
177
     3
291
     1
 70
    58
 90
        2
176
     0
 90
        2
176
     0
 90
        0
176
     0
 90
        0
176
     0
 40
0.6
176
     0
 40
30.0
176
     0
 62
     7
420
 16777215
176
     0
 90
        1
176
     0
 90
        4
176
     0
 62
     7
176
     0
 62
   257
176
     0
 90
        1
176
     0
 90
        1
176
     0
 40
1.0
176
     0
 90
        8
176
     2
 62
     7
176
     0
 40
1.0
176
     0
 90
        1
176
     0
 90
        6
176
     0
 90
        2
176
     0
 62
     7
176
     0
 90
        5
176
     0
 90
        0
176
     0
 90
        0
176
     0
290
     0
176
     0
 90
        1
176
     0
 40
0.0
176
     0
 90
        0
176
     0
290
     0
176
     0
290
     1
176
     0
290
     1
176
     0
290
     0
176
     0
290
     0
176
     0
290
     0
176
     0
290
     0
176
     0
290
     0
176
     0
290
     0
176
     0
 90
       50
176
     0
 40
0.0
176
     0
 40
1.0
176
     0
 90
        0
176
     0
 62
    18
420
        0
176
     0
 90
       50
176
     0
 90
        3
176
     0
 62
     5
420
      255
176
     0
290
     0
176
     0
 90
       50
176
     0
 90
       50
176
     0
 90
       50
176
     0
290
     0
176
     0
 90
       50
176
     0
 62
   256
176
     0
 40
1.0
176
     0
 90
        2
176
     0
  1
strokes_ogs.tif
176
     0
290
     0
176
     0
 40
1.0
176
     0
 40
1.0
176
     0
  0
VISUALSTYLE
  5
9281
102
{ACAD_REACTORS
330
9272
102
}
330
9272
100
AcDbVisualStyle
  2
Facepattern
 70
    15
177
     3
291
     1
 70
    58
 90
        2
176
     1
 90
        2
176
     1
 90
        0
176
     1
 90
        0
176
     1
 40
-0.6
176
     1
 40
-30.0
176
     1
 62
     7
176
     1
 90
        1
176
     1
 90
        4
176
     1
 62
     7
176
     1
 62
   257
176
     1
 90
        1
176
     1
 90
        1
176
     1
 40
1.0
176
     1
 90
        8
176
     1
 62
     7
176
     1
 40
1.0
176
     1
 90
        1
176
     1
 90
        6
176
     1
 90
        2
176
     1
 62
     7
176
     1
 90
        5
176
     1
 90
        0
176
     1
 90
        0
176
     1
290
     0
176
     1
 90
        1
176
     1
 40
0.0
176
     1
 90
        0
176
     1
290
     0
176
     1
290
     1
176
     1
290
     1
176
     1
290
     0
176
     1
290
     0
176
     1
290
     0
176
     1
290
     0
176
     1
290
     0
176
     1
290
     0
176
     1
 90
       50
176
     1
 40
0.0
176
     1
 40
1.0
176
     1
 90
        0
176
     1
 62
    18
420
        0
176
     1
 90
       50
176
     1
 90
        3
176
     1
 62
     5
420
      255
176
     1
290
     0
176
     1
 90
       50
176
     1
 90
       50
176
     1
 90
       50
176
     1
290
     0
176
     1
 90
       50
176
     1
 62
   256
176
     0
 40
1.0
176
     0
 90
        2
176
     1
  1
strokes_ogs.tif
176
     1
290
     0
176
     1
 40
1.0
176
     1
 40
1.0
176
     1
  0
VISUALSTYLE
  5
9273
102
{ACAD_REACTORS
330
9272
102
}
330
9272
100
AcDbVisualStyle
  2
Flat
 70
     0
177
     3
291
     1
 70
    58
 90
        2
176
     1
 90
        1
176
     1
 90
        1
176
     1
 90
        2
176
     1
 40
-0.6
176
     1
 40
30.0
176
     1
 62
     7
176
     1
 90
        0
176
     1
 90
        4
176
     1
 62
     7
176
     1
 62
   257
176
     1
 90
        1
176
     1
 90
        1
176
     1
 40
1.0
176
     1
 90
        8
176
     1
 62
     7
176
     1
 40
1.0
176
     1
 90
        1
176
     1
 90
        6
176
     1
 90
        2
176
     1
 62
     7
176
     1
 90
        5
176
     1
 90
        0
176
     1
 90
        0
176
     1
290
     0
176
     1
 90
       13
176
     1
 40
0.0
176
     1
 90
        0
176
     1
290
     0
176
     1
290
     1
176
     1
290
     1
176
     1
290
     0
176
     1
290
     0
176
     1
290
     0
176
     1
290
     0
176
     1
290
     0
176
     1
290
     0
176
     1
 90
       50
176
     1
 40
0.0
176
     1
 40
1.0
176
     1
 90
        0
176
     1
 62
    18
420
        0
176
     1
 90
       50
176
     1
 90
        3
176
     1
 62
     5
420
      255
176
     1
290
     0
176
     1
 90
       50
176
     1
 90
       50
176
     1
 90
       50
176
     1
290
     0
176
     1
 90
       50
176
     1
 62
   256
176
     0
 40
1.0
176
     0
 90
        2
176
     1
  1
strokes_ogs.tif
176
     1
290
     0
176
     1
 40
1.0
176
     1
 40
1.0
176
     1
  0
VISUALSTYLE
  5
9274
102
{ACAD_REACTORS
330
9272
102
}
330
9272
100
AcDbVisualStyle
  2
FlatWithEdges
 70
     1
177
     3
291
     1
 70
    58
 90
        2
176
     1
 90
        1
176
     1
 90
        1
176
     1
 90
        2
176
     1
 40
-0.6
176
     1
 40
30.0
176
     1
 62
     7
176
     1
 90
        1
176
     1
 90
        4
176
     1
 62
     7
176
     1
 62
   257
176
     1
 90
        1
176
     1
 90
        1
176
     1
 40
1.0
176
     1
 90
        0
176
     1
 62
   257
176
     1
 40
1.0
176
     1
 90
        1
176
     1
 90
        6
176
     1
 90
        2
176
     1
 62
     7
176
     1
 90
        5
176
     1
 90
        0
176
     1
 90
        0
176
     1
290
     0
176
     1
 90
       13
176
     1
 40
0.0
176
     1
 90
        0
176
     1
290
     0
176
     1
290
     1
176
     1
290
     1
176
     1
290
     0
176
     1
290
     0
176
     1
290
     0
176
     1
290
     0
176
     1
290
     0
176
     1
290
     0
176
     1
 90
       50
176
     1
 40
0.0
176
     1
 40
1.0
176
     1
 90
        0
176
     1
 62
    18
420
        0
176
     1
 90
       50
176
     1
 90
        3
176
     1
 62
     5
420
      255
176
     1
290
     0
176
     1
 90
       50
176
     1
 90
       50
176
     1
 90
       50
176
     1
290
     0
176
     1
 90
       50
176
     1
 62
   256
176
     0
 40
1.0
176
     0
 90
        2
176
     1
  1
strokes_ogs.tif
176
     1
290
     0
176
     1
 40
1.0
176
     1
 40
1.0
176
     1
  0
VISUALSTYLE
  5
9275
102
{ACAD_REACTORS
330
9272
102
}
330
9272
100
AcDbVisualStyle
  2
Gouraud
 70
     2
177
     3
291
     1
 70
    58
 90
        2
176
     1
 90
        2
176
     1
 90
        1
176
     1
 90
        2
176
     1
 40
-0.6
176
     1
 40
30.0
176
     1
 62
     7
176
     1
 90
        0
176
     1
 90
        4
176
     1
 62
     7
176
     1
 62
   257
176
     1
 90
        1
176
     1
 90
        1
176
     1
 40
1.0
176
     1
 90
        0
176
     1
 62
     7
176
     1
 40
1.0
176
     1
 90
        1
176
     1
 90
        6
176
     1
 90
        2
176
     1
 62
     7
176
     1
 90
        5
176
     1
 90
        0
176
     1
 90
        0
176
     1
290
     0
176
     1
 90
       13
176
     1
 40
0.0
176
     1
 90
        0
176
     1
290
     0
176
     1
290
     1
176
     1
290
     1
176
     1
290
     0
176
     1
290
     0
176
     1
290
     0
176
     1
290
     0
176
     1
290
     0
176
     1
290
     0
176
     1
 90
       50
176
     1
 40
0.0
176
     1
 40
1.0
176
     1
 90
        0
176
     1
 62
    18
420
        0
176
     1
 90
       50
176
     1
 90
        3
176
     1
 62
     5
420
      255
176
     1
290
     0
176
     1
 90
       50
176
     1
 90
       50
176
     1
 90
       50
176
     1
290
     0
176
     1
 90
       50
176
     1
 62
   256
176
     0
 40
1.0
176
     0
 90
        2
176
     1
  1
strokes_ogs.tif
176
     1
290
     0
176
     1
 40
1.0
176
     1
 40
1.0
176
     1
  0
VISUALSTYLE
  5
9276
102
{ACAD_REACTORS
330
9272
102
}
330
9272
100
AcDbVisualStyle
  2
GouraudWithEdges
 70
     3
177
     3
291
     1
 70
    58
 90
        2
176
     1
 90
        2
176
     1
 90
        1
176
     1
 90
        2
176
     1
 40
-0.6
176
     1
 40
30.0
176
     1
 62
     7
176
     1
 90
        1
176
     1
 90
        4
176
     1
 62
     7
176
     1
 62
   257
176
     1
 90
        1
176
     1
 90
        1
176
     1
 40
1.0
176
     1
 90
        0
176
     1
 62
   257
176
     1
 40
1.0
176
     1
 90
        1
176
     1
 90
        6
176
     1
 90
        2
176
     1
 62
     7
176
     1
 90
        5
176
     1
 90
        0
176
     1
 90
        0
176
     1
290
     0
176
     1
 90
       13
176
     1
 40
0.0
176
     1
 90
        0
176
     1
290
     0
176
     1
290
     1
176
     1
290
     1
176
     1
290
     0
176
     1
290
     0
176
     1
290
     0
176
     1
290
     0
176
     1
290
     0
176
     1
290
     0
176
     1
 90
       50
176
     1
 40
0.0
176
     1
 40
1.0
176
     1
 90
        0
176
     1
 62
    18
420
        0
176
     1
 90
       50
176
     1
 90
        3
176
     1
 62
     5
420
      255
176
     1
290
     0
176
     1
 90
       50
176
     1
 90
       50
176
     1
 90
       50
176
     1
290
     0
176
     1
 90
       50
176
     1
 62
   256
176
     0
 40
1.0
176
     0
 90
        2
176
     1
  1
strokes_ogs.tif
176
     1
290
     0
176
     1
 40
1.0
176
     1
 40
1.0
176
     1
  0
VISUALSTYLE
  5
9688
102
{ACAD_REACTORS
330
9272
102
}
330
9272
100
AcDbVisualStyle
  2
Hidden
 70
     6
177
     3
291
     0
 70
    58
 90
        1
176
     1
 90
        2
176
     1
 90
        2
176
     1
 90
        0
176
     1
 40
0.6
176
     1
 40
30.0
176
     1
 62
     7
420
 16777215
176
     1
 90
        2
176
     1
 90
        2
176
     1
 62
     7
176
     1
 62
   257
176
     1
 90
        2
176
     1
 90
        1
176
     1
 40
40.0
176
     1
 90
        0
176
     1
 62
   257
176
     1
 40
1.0
176
     1
 90
        1
176
     1
 90
        6
176
     1
 90
        2
176
     1
 62
     7
176
     1
 90
        3
176
     1
 90
        0
176
     1
 90
        0
176
     1
290
     0
176
     1
 90
        1
176
     1
 40
0.0
176
     1
 90
        0
176
     1
290
     0
176
     1
290
     1
176
     1
290
     1
176
     1
290
     0
176
     1
290
     0
176
     1
290
     0
176
     1
290
     0
176
     1
290
     0
176
     1
290
     0
176
     1
 90
       50
176
     1
 40
0.0
176
     1
 40
1.0
176
     1
 90
        0
176
     1
 62
    18
420
        0
176
     1
 90
       50
176
     1
 90
        3
176
     1
 62
     5
420
      255
176
     1
290
     0
176
     1
 90
       50
176
     1
 90
       50
176
     1
 90
       50
176
     1
290
     0
176
     1
 90
       50
176
     1
 62
   256
176
     0
 40
1.0
176
     0
 90
        2
176
     1
  1
strokes_ogs.tif
176
     1
290
     0
176
     1
 40
1.0
176
     1
 40
1.0
176
     1
  0
VISUALSTYLE
  5
9689
102
{ACAD_REACTORS
330
9272
102
}
330
9272
100
AcDbVisualStyle
  2
JitterOff
 70
    20
177
     3
291
     1
 70
    58
 90
        2
176
     0
 90
        2
176
     0
 90
        0
176
     0
 90
        0
176
     0
 40
0.6
176
     0
 40
30.0
176
     0
 62
     7
420
 16777215
176
     0
 90
        1
176
     0
 90
        4
176
     0
 62
     7
176
     0
 62
   257
176
     0
 90
        1
176
     0
 90
        1
176
     0
 40
1.0
176
     0
 90
       10
176
     2
 62
     7
176
     0
 40
1.0
176
     0
 90
        1
176
     0
 90
        6
176
     0
 90
        2
176
     0
 62
     7
176
     0
 90
        5
176
     0
 90
        0
176
     0
 90
        0
176
     0
290
     0
176
     0
 90
        1
176
     0
 40
0.0
176
     0
 90
        0
176
     0
290
     0
176
     0
290
     1
176
     0
290
     1
176
     0
290
     0
176
     0
290
     0
176
     0
290
     0
176
     0
290
     0
176
     0
290
     0
176
     0
290
     0
176
     0
 90
       50
176
     0
 40
0.0
176
     0
 40
1.0
176
     0
 90
        0
176
     0
 62
    18
420
        0
176
     0
 90
       50
176
     0
 90
        3
176
     0
 62
     5
420
      255
176
     0
290
     0
176
     0
 90
       50
176
     0
 90
       50
176
     0
 90
       50
176
     0
290
     0
176
     0
 90
       50
176
     0
 62
   256
176
     0
 40
1.0
176
     0
 90
        2
176
     0
  1
strokes_ogs.tif
176
     0
290
     0
176
     0
 40
1.0
176
     0
 40
1.0
176
     0
  0
VISUALSTYLE
  5
9280
102
{ACAD_REACTORS
330
9272
102
}
330
9272
100
AcDbVisualStyle
  2
Linepattern
 70
    14
177
     3
291
     1
 70
    58
 90
        2
176
     1
 90
        2
176
     1
 90
        0
176
     1
 90
        0
176
     1
 40
-0.6
176
     1
 40
-30.0
176
     1
 62
     7
176
     1
 90
        1
176
     1
 90
        4
176
     1
 62
     7
176
     1
 62
   257
176
     1
 90
        7
176
     1
 90
        7
176
     1
 40
1.0
176
     1
 90
        8
176
     1
 62
     7
176
     1
 40
1.0
176
     1
 90
        1
176
     1
 90
        6
176
     1
 90
        2
176
     1
 62
     7
176
     1
 90
        5
176
     1
 90
        0
176
     1
 90
        0
176
     1
290
     0
176
     1
 90
        1
176
     1
 40
0.0
176
     1
 90
        0
176
     1
290
     0
176
     1
290
     1
176
     1
290
     1
176
     1
290
     0
176
     1
290
     0
176
     1
290
     0
176
     1
290
     0
176
     1
290
     0
176
     1
290
     0
176
     1
 90
       50
176
     1
 40
0.0
176
     1
 40
1.0
176
     1
 90
        0
176
     1
 62
    18
420
        0
176
     1
 90
       50
176
     1
 90
        3
176
     1
 62
     5
420
      255
176
     1
290
     0
176
     1
 90
       50
176
     1
 90
       50
176
     1
 90
       50
176
     1
290
     0
176
     1
 90
       50
176
     1
 62
   256
176
     0
 40
1.0
176
     0
 90
        2
176
     1
  1
strokes_ogs.tif
176
     1
290
     0
176
     1
 40
1.0
176
     1
 40
1.0
176
     1
  0
VISUALSTYLE
  5
968A
102
{ACAD_REACTORS
330
9272
102
}
330
9272
100
AcDbVisualStyle
  2
OverhangOff
 70
    21
177
     3
291
     1
 70
    58
 90
        2
176
     0
 90
        2
176
     0
 90
        0
176
     0
 90
        0
176
     0
 40
0.6
176
     0
 40
30.0
176
     0
 62
     7
420
 16777215
176
     0
 90
        1
176
     0
 90
        4
176
     0
 62
     7
176
     0
 62
   257
176
     0
 90
        1
176
     0
 90
        1
176
     0
 40
1.0
176
     0
 90
        9
176
     2
 62
     7
176
     0
 40
1.0
176
     0
 90
        1
176
     0
 90
        6
176
     0
 90
        2
176
     0
 62
     7
176
     0
 90
        5
176
     0
 90
        0
176
     0
 90
        0
176
     0
290
     0
176
     0
 90
        1
176
     0
 40
0.0
176
     0
 90
        0
176
     0
290
     0
176
     0
290
     1
176
     0
290
     1
176
     0
290
     0
176
     0
290
     0
176
     0
290
     0
176
     0
290
     0
176
     0
290
     0
176
     0
290
     0
176
     0
 90
       50
176
     0
 40
0.0
176
     0
 40
1.0
176
     0
 90
        0
176
     0
 62
    18
420
        0
176
     0
 90
       50
176
     0
 90
        3
176
     0
 62
     5
420
      255
176
     0
290
     0
176
     0
 90
       50
176
     0
 90
       50
176
     0
 90
       50
176
     0
290
     0
176
     0
 90
       50
176
     0
 62
   256
176
     0
 40
1.0
176
     0
 90
        2
176
     0
  1
strokes_ogs.tif
176
     0
290
     0
176
     0
 40
1.0
176
     0
 40
1.0
176
     0
  0
VISUALSTYLE
  5
927C
102
{ACAD_REACTORS
330
9272
102
}
330
9272
100
AcDbVisualStyle
  2
Realistic
 70
     8
177
     3
291
     0
 70
    58
 90
        2
176
     1
 90
        2
176
     1
 90
        0
176
     1
 90
        0
176
     1
 40
-0.6
176
     1
 40
-30.0
176
     1
 62
     7
176
     1
 90
        1
176
     1
 90
        0
176
     1
 62
     7
176
     1
 62
   257
176
     1
 90
        1
176
     1
 90
        1
176
     1
 40
1.0
176
     1
 90
        8
176
     1
 62
     8
176
     1
 40
1.0
176
     1
 90
        1
176
     1
 90
        6
176
     1
 90
        2
176
     1
 62
     7
176
     1
 90
        5
176
     1
 90
        0
176
     1
 90
        0
176
     1
290
     0
176
     1
 90
       13
176
     1
 40
0.0
176
     1
 90
        0
176
     1
290
     0
176
     1
290
     1
176
     1
290
     1
176
     1
290
     0
176
     1
290
     0
176
     1
290
     0
176
     1
290
     0
176
     1
290
     0
176
     1
290
     0
176
     1
 90
       50
176
     1
 40
0.0
176
     1
 40
1.0
176
     1
 90
        0
176
     1
 62
    18
420
        0
176
     1
 90
       50
176
     1
 90
        3
176
     1
 62
     5
420
      255
176
     1
290
     0
176
     1
 90
       50
176
     1
 90
       50
176
     1
 90
       50
176
     1
290
     0
176
     1
 90
       50
176
     1
 62
   256
176
     0
 40
1.0
176
     0
 90
        2
176
     1
  1
strokes_ogs.tif
176
     1
290
     0
176
     1
 40
1.0
176
     1
 40
1.0
176
     1
  0
VISUALSTYLE
  5
9690
102
{ACAD_REACTORS
330
9272
102
}
330
9272
100
AcDbVisualStyle
  2
Shaded
 70
    27
177
     3
291
     0
 70
    58
 90
        2
176
     1
 90
        2
176
     1
 90
        1
176
     1
 90
        2
176
     1
 40
0.6
176
     1
 40
30.0
176
     1
 62
     7
420
 16777215
176
     1
 90
        0
176
     1
 90
        4
176
     1
 62
     7
176
     1
 62
   257
176
     1
 90
        1
176
     1
 90
        1
176
     1
 40
1.0
176
     1
 90
        8
176
     1
 62
   257
176
     1
 40
1.0
176
     1
 90
        1
176
     1
 90
        6
176
     1
 90
        2
176
     1
 62
     8
420
  7895160
176
     1
 90
        3
176
     1
 90
        0
176
     1
 90
        0
176
     1
290
     0
176
     1
 90
        5
176
     1
 40
0.0
176
     1
 90
        0
176
     1
290
     0
176
     1
290
     1
176
     1
290
     1
176
     1
290
     0
176
     1
290
     0
176
     1
290
     0
176
     1
290
     0
176
     1
290
     0
176
     1
290
     0
176
     1
 90
       50
176
     1
 40
0.0
176
     1
 40
1.0
176
     1
 90
        0
176
     1
 62
    18
420
        0
176
     1
 90
       50
176
     1
 90
        3
176
     1
 62
     5
420
      255
176
     1
290
     0
176
     1
 90
       50
176
     1
 90
       50
176
     1
 90
       50
176
     1
290
     0
176
     1
 90
       50
176
     1
 62
   256
176
     0
 40
1.0
176
     0
 90
        2
176
     1
  1
strokes_ogs.tif
176
     1
290
     0
176
     1
 40
1.0
176
     1
 40
1.0
176
     1
  0
VISUALSTYLE
  5
968F
102
{ACAD_REACTORS
330
9272
102
}
330
9272
100
AcDbVisualStyle
  2
Shaded with edges
 70
    26
177
     3
291
     0
 70
    58
 90
        2
176
     1
 90
        2
176
     1
 90
        1
176
     1
 90
        2
176
     1
 40
0.6
176
     1
 40
30.0
176
     1
 62
     7
420
 16777215
176
     1
 90
        1
176
     1
 90
       10
176
     1
 62
     7
176
     1
 62
   257
176
     1
 90
        2
176
     1
 90
        1
176
     1
 40
1.0
176
     1
 90
        8
176
     1
 62
   257
176
     1
 40
1.0
176
     1
 90
        1
176
     1
 90
        6
176
     1
 90
        2
176
     1
 62
     7
176
     1
 90
        3
176
     1
 90
        0
176
     1
 90
        0
176
     1
290
     0
176
     1
 90
        5
176
     1
 40
0.0
176
     1
 90
        0
176
     1
290
     0
176
     1
290
     1
176
     1
290
     1
176
     1
290
     0
176
     1
290
     0
176
     1
290
     0
176
     1
290
     0
176
     1
290
     0
176
     1
290
     0
176
     1
 90
       50
176
     1
 40
0.0
176
     1
 40
1.0
176
     1
 90
        0
176
     1
 62
    18
420
        0
176
     1
 90
       50
176
     1
 90
        3
176
     1
 62
     5
420
      255
176
     1
290
     0
176
     1
 90
       50
176
     1
 90
       50
176
     1
 90
       50
176
     1
290
     0
176
     1
 90
       50
176
     1
 62
   256
176
     0
 40
1.0
176
     0
 90
        2
176
     1
  1
strokes_ogs.tif
176
     1
290
     0
176
     1
 40
1.0
176
     1
 40
1.0
176
     1
  0
VISUALSTYLE
  5
968C
102
{ACAD_REACTORS
330
9272
102
}
330
9272
100
AcDbVisualStyle
  2
Shades of Gray
 70
    23
177
     3
291
     0
 70
    58
 90
        2
176
     1
 90
        2
176
     1
 90
        3
176
     1
 90
        0
176
     1
 40
0.6
176
     1
 40
30.0
176
     1
 62
     7
420
 16777215
176
     1
 90
        2
176
     1
 90
        2
176
     1
 62
     7
176
     1
 62
     7
176
     1
 90
        1
176
     1
 90
        1
176
     1
 40
40.0
176
     1
 90
        8
176
     1
 62
     7
176
     1
 40
1.0
176
     1
 90
        1
176
     1
 90
        6
176
     1
 90
        2
176
     1
 62
     7
176
     1
 90
        3
176
     1
 90
        0
176
     1
 90
        0
176
     1
290
     0
176
     1
 90
        1
176
     1
 40
0.0
176
     1
 90
        0
176
     1
290
     0
176
     1
290
     1
176
     1
290
     1
176
     1
290
     0
176
     1
290
     0
176
     1
290
     0
176
     1
290
     0
176
     1
290
     0
176
     1
290
     0
176
     1
 90
       50
176
     1
 40
0.0
176
     1
 40
1.0
176
     1
 90
        0
176
     1
 62
    18
420
        0
176
     1
 90
       50
176
     1
 90
        3
176
     1
 62
     5
420
      255
176
     1
290
     0
176
     1
 90
       50
176
     1
 90
       50
176
     1
 90
       50
176
     1
290
     0
176
     1
 90
       50
176
     1
 62
   256
176
     0
 40
1.0
176
     0
 90
        2
176
     1
  1
strokes_ogs.tif
176
     1
290
     0
176
     1
 40
1.0
176
     1
 40
1.0
176
     1
  0
VISUALSTYLE
  5
968D
102
{ACAD_REACTORS
330
9272
102
}
330
9272
100
AcDbVisualStyle
  2
Sketchy
 70
    24
177
     3
291
     0
 70
    58
 90
        1
176
     1
 90
        2
176
     1
 90
        2
176
     1
 90
        0
176
     1
 40
0.6
176
     1
 40
30.0
176
     1
 62
     7
420
 16777215
176
     1
 90
        2
176
     1
 90
        2
176
     1
 62
     7
176
     1
 62
     7
176
     1
 90
        1
176
     1
 90
        1
176
     1
 40
40.0
176
     1
 90
       11
176
     1
 62
     7
176
     1
 40
1.0
176
     1
 90
        1
176
     1
 90
        6
176
     1
 90
        2
176
     1
 62
     7
176
     1
 90
        6
176
     1
 90
        0
176
     1
 90
        0
176
     1
290
     0
176
     1
 90
        1
176
     1
 40
0.0
176
     1
 90
        0
176
     1
290
     0
176
     1
290
     1
176
     1
290
     1
176
     1
290
     0
176
     1
290
     0
176
     1
290
     0
176
     1
290
     0
176
     1
290
     0
176
     1
290
     0
176
     1
 90
       50
176
     1
 40
0.0
176
     1
 40
1.0
176
     1
 90
        0
176
     1
 62
    18
420
        0
176
     1
 90
       50
176
     1
 90
        3
176
     1
 62
     5
420
      255
176
     1
290
     0
176
     1
 90
       50
176
     1
 90
       50
176
     1
 90
       50
176
     1
290
     0
176
     1
 90
       50
176
     1
 62
   256
176
     0
 40
1.0
176
     0
 90
        2
176
     1
  1
strokes_ogs.tif
176
     1
290
     0
176
     1
 40
1.0
176
     1
 40
1.0
176
     1
  0
VISUALSTYLE
  5
927F
102
{ACAD_REACTORS
330
9272
102
}
330
9272
100
AcDbVisualStyle
  2
Thicken
 70
    13
177
     3
291
     1
 70
    58
 90
        2
176
     1
 90
        2
176
     1
 90
        0
176
     1
 90
        0
176
     1
 40
-0.6
176
     1
 40
-30.0
176
     1
 62
     7
176
     1
 90
        1
176
     1
 90
        4
176
     1
 62
     7
176
     1
 62
   257
176
     1
 90
        1
176
     1
 90
        1
176
     1
 40
1.0
176
     1
 90
       12
176
     1
 62
     7
176
     1
 40
1.0
176
     1
 90
        1
176
     1
 90
        6
176
     1
 90
        2
176
     1
 62
     7
176
     1
 90
        5
176
     1
 90
        0
176
     1
 90
        0
176
     1
290
     0
176
     1
 90
        1
176
     1
 40
0.0
176
     1
 90
        0
176
     1
290
     0
176
     1
290
     1
176
     1
290
     1
176
     1
290
     0
176
     1
290
     0
176
     1
290
     0
176
     1
290
     0
176
     1
290
     0
176
     1
290
     0
176
     1
 90
       50
176
     1
 40
0.0
176
     1
 40
1.0
176
     1
 90
        0
176
     1
 62
    18
420
        0
176
     1
 90
       50
176
     1
 90
        3
176
     1
 62
     5
420
      255
176
     1
290
     0
176
     1
 90
       50
176
     1
 90
       50
176
     1
 90
       50
176
     1
290
     0
176
     1
 90
       50
176
     1
 62
   256
176
     0
 40
1.0
176
     0
 90
        2
176
     1
  1
strokes_ogs.tif
176
     1
290
     0
176
     1
 40
1.0
176
     1
 40
1.0
176
     1
  0
VISUALSTYLE
  5
9687
102
{ACAD_REACTORS
330
9272
102
}
330
9272
100
AcDbVisualStyle
  2
Wireframe
 70
     5
177
     3
291
     0
 70
    58
 90
        0
176
     1
 90
        2
176
     1
 90
        0
176
     1
 90
        0
176
     1
 40
0.6
176
     1
 40
30.0
176
     1
 62
     7
420
 16777215
176
     1
 90
        1
176
     1
 90
        4
176
     1
 62
     7
176
     1
 62
   257
176
     1
 90
        1
176
     1
 90
        1
176
     1
 40
1.0
176
     1
 90
        0
176
     1
 62
   257
176
     1
 40
1.0
176
     1
 90
        1
176
     1
 90
        6
176
     1
 90
        2
176
     1
 62
     7
176
     1
 90
        3
176
     1
 90
        0
176
     1
 90
        0
176
     1
290
     0
176
     1
 90
        1
176
     1
 40
0.0
176
     1
 90
        0
176
     1
290
     0
176
     1
290
     1
176
     1
290
     1
176
     1
290
     0
176
     1
290
     0
176
     1
290
     0
176
     1
290
     0
176
     1
290
     0
176
     1
290
     0
176
     1
 90
       50
176
     1
 40
0.0
176
     1
 40
1.0
176
     1
 90
        0
176
     1
 62
    18
420
        0
176
     1
 90
       50
176
     1
 90
        3
176
     1
 62
     5
420
      255
176
     1
290
     0
176
     1
 90
       50
176
     1
 90
       50
176
     1
 90
       50
176
     1
290
     0
176
     1
 90
       50
176
     1
 62
   256
176
     0
 40
1.0
176
     0
 90
        2
176
     1
  1
strokes_ogs.tif
176
     1
290
     0
176
     1
 40
1.0
176
     1
 40
1.0
176
     1
  0
VISUALSTYLE
  5
968E
102
{ACAD_REACTORS
330
9272
102
}
330
9272
100
AcDbVisualStyle
  2
X-Ray
 70
    25
177
     3
291
     0
 70
    58
 90
        2
176
     1
 90
        2
176
     1
 90
        1
176
     1
 90
        1
176
     1
 40
0.5
176
     1
 40
30.0
176
     1
 62
     7
420
 16777215
176
     1
 90
        1
176
     1
 90
        0
176
     1
 62
     7
176
     1
 62
   257
176
     1
 90
        1
176
     1
 90
        1
176
     1
 40
1.0
176
     1
 90
        8
176
     1
 62
     7
176
     1
 40
1.0
176
     1
 90
        1
176
     1
 90
        6
176
     1
 90
        2
176
     1
 62
     7
176
     1
 90
        3
176
     1
 90
        0
176
     1
 90
        0
176
     1
290
     0
176
     1
 90
       13
176
     1
 40
0.0
176
     1
 90
        0
176
     1
290
     0
176
     1
290
     1
176
     1
290
     1
176
     1
290
     0
176
     1
290
     0
176
     1
290
     0
176
     1
290
     0
176
     1
290
     0
176
     1
290
     0
176
     1
 90
       50
176
     1
 40
0.0
176
     1
 40
1.0
176
     1
 90
        0
176
     1
 62
    18
420
        0
176
     1
 90
       50
176
     1
 90
        3
176
     1
 62
     5
420
      255
176
     1
290
     0
176
     1
 90
       50
176
     1
 90
       50
176
     1
 90
       50
176
     1
290
     0
176
     1
 90
       50
176
     1
 62
   256
176
     0
 40
1.0
176
     0
 90
        2
176
     1
  1
strokes_ogs.tif
176
     1
290
     0
176
     1
 40
1.0
176
     1
 40
1.0
176
     1
  0
DICTIONARYVAR
  5
11EFB
102
{ACAD_REACTORS
330
926C
102
}
330
926C
100
DictionaryVariables
280
     0
  1
1:1
  0
DICTIONARYVAR
  5
11EFD
102
{ACAD_REACTORS
330
926C
102
}
330
926C
100
DictionaryVariables
280
     0
  1
Standard
  0
DICTIONARYVAR
  5
11EFC
102
{ACAD_REACTORS
330
926C
102
}
330
926C
100
DictionaryVariables
280
     0
  1
Standard
  0
DICTIONARYVAR
  5
11EFE
102
{ACAD_REACTORS
330
926C
102
}
330
926C
100
DictionaryVariables
280
     0
  1
0
  0
XRECORD
  5
9642
102
{ACAD_REACTORS
330
9641
102
}
330
9641
100
AcDbXrecord
280
     1
  0
DICTIONARY
  5
1204C
330
9248
100
AcDbDictionary
280
     1
281
     1
  3
ACAD_ROUNDTRIP_2008_TABLESTYLE_CELLSTYLEMAP
360
1204D
  0
CELLSTYLEMAP
  5
1204D
102
{ACAD_REACTORS
330
1204C
102
}
330
1204C
100
AcDbCellStyleMap
 90
        3
300
CELLSTYLE
  1
TABLEFORMAT_BEGIN
 90
        5
170
     1
 91
        0
 92
    32768
 62
   257
 93
        1
300
CONTENTFORMAT
  1
CONTENTFORMAT_BEGIN
 90
        0
 91
        0
 92
        4
 93
        0
300

 40
0.0
140
1.0
 94
        5
 62
     0
340
17
144
6.0
309
CONTENTFORMAT_END
171
     1
301
MARGIN
  1
CELLMARGIN_BEGIN
 40
1.5
 40
1.5
 40
1.5
 40
1.5
 40
0.18
 40
0.18
309
CELLMARGIN_END
 94
        6
 95
        1
302
GRIDFORMAT
  1
GRIDFORMAT_BEGIN
 90
        0
 91
        1
 62
     0
 92
       -2
340
0
 93
        0
 40
0.045
309
GRIDFORMAT_END
 95
        2
302
GRIDFORMAT
  1
GRIDFORMAT_BEGIN
 90
        0
 91
        1
 62
     0
 92
       -2
340
0
 93
        0
 40
0.045
309
GRIDFORMAT_END
 95
        4
302
GRIDFORMAT
  1
GRIDFORMAT_BEGIN
 90
        0
 91
        1
 62
     0
 92
       -2
340
0
 93
        0
 40
0.045
309
GRIDFORMAT_END
 95
        8
302
GRIDFORMAT
  1
GRIDFORMAT_BEGIN
 90
        0
 91
        1
 62
     0
 92
       -2
340
0
 93
        0
 40
0.045
309
GRIDFORMAT_END
 95
       16
302
GRIDFORMAT
  1
GRIDFORMAT_BEGIN
 90
        0
 91
        1
 62
     0
 92
       -2
340
0
 93
        0
 40
0.045
309
GRIDFORMAT_END
 95
       32
302
GRIDFORMAT
  1
GRIDFORMAT_BEGIN
 90
        0
 91
        1
 62
     0
 92
       -2
340
0
 93
        0
 40
0.045
309
GRIDFORMAT_END
309
TABLEFORMAT_END
  1
CELLSTYLE_BEGIN
 90
        1
 91
        1
300
_TITLE
309
CELLSTYLE_END
300
CELLSTYLE
  1
TABLEFORMAT_BEGIN
 90
        5
170
     1
 91
        0
 92
        0
 62
   257
 93
        1
300
CONTENTFORMAT
  1
CONTENTFORMAT_BEGIN
 90
        0
 91
        0
 92
        4
 93
        0
300

 40
0.0
140
1.0
 94
        5
 62
     0
340
17
144
4.5
309
CONTENTFORMAT_END
171
     1
301
MARGIN
  1
CELLMARGIN_BEGIN
 40
1.5
 40
1.5
 40
1.5
 40
1.5
 40
0.18
 40
0.18
309
CELLMARGIN_END
 94
        6
 95
        1
302
GRIDFORMAT
  1
GRIDFORMAT_BEGIN
 90
        0
 91
        1
 62
     0
 92
       -2
340
0
 93
        0
 40
0.045
309
GRIDFORMAT_END
 95
        2
302
GRIDFORMAT
  1
GRIDFORMAT_BEGIN
 90
        0
 91
        1
 62
     0
 92
       -2
340
0
 93
        0
 40
0.045
309
GRIDFORMAT_END
 95
        4
302
GRIDFORMAT
  1
GRIDFORMAT_BEGIN
 90
        0
 91
        1
 62
     0
 92
       -2
340
0
 93
        0
 40
0.045
309
GRIDFORMAT_END
 95
        8
302
GRIDFORMAT
  1
GRIDFORMAT_BEGIN
 90
        0
 91
        1
 62
     0
 92
       -2
340
0
 93
        0
 40
0.045
309
GRIDFORMAT_END
 95
       16
302
GRIDFORMAT
  1
GRIDFORMAT_BEGIN
 90
        0
 91
        1
 62
     0
 92
       -2
340
0
 93
        0
 40
0.045
309
GRIDFORMAT_END
 95
       32
302
GRIDFORMAT
  1
GRIDFORMAT_BEGIN
 90
        0
 91
        1
 62
     0
 92
       -2
340
0
 93
        0
 40
0.045
309
GRIDFORMAT_END
309
TABLEFORMAT_END
  1
CELLSTYLE_BEGIN
 90
        2
 91
        1
300
_HEADER
309
CELLSTYLE_END
300
CELLSTYLE
  1
TABLEFORMAT_BEGIN
 90
        5
170
     1
 91
        0
 92
        0
 62
   257
 93
        1
300
CONTENTFORMAT
  1
CONTENTFORMAT_BEGIN
 90
        0
 91
        0
 92
        4
 93
        0
300

 40
0.0
140
1.0
 94
        2
 62
     0
340
17
144
4.5
309
CONTENTFORMAT_END
171
     1
301
MARGIN
  1
CELLMARGIN_BEGIN
 40
1.5
 40
1.5
 40
1.5
 40
1.5
 40
0.18
 40
0.18
309
CELLMARGIN_END
 94
        6
 95
        1
302
GRIDFORMAT
  1
GRIDFORMAT_BEGIN
 90
        0
 91
        1
 62
     0
 92
       -2
340
0
 93
        0
 40
0.045
309
GRIDFORMAT_END
 95
        2
302
GRIDFORMAT
  1
GRIDFORMAT_BEGIN
 90
        0
 91
        1
 62
     0
 92
       -2
340
0
 93
        0
 40
0.045
309
GRIDFORMAT_END
 95
        4
302
GRIDFORMAT
  1
GRIDFORMAT_BEGIN
 90
        0
 91
        1
 62
     0
 92
       -2
340
0
 93
        0
 40
0.045
309
GRIDFORMAT_END
 95
        8
302
GRIDFORMAT
  1
GRIDFORMAT_BEGIN
 90
        0
 91
        1
 62
     0
 92
       -2
340
0
 93
        0
 40
0.045
309
GRIDFORMAT_END
 95
       16
302
GRIDFORMAT
  1
GRIDFORMAT_BEGIN
 90
        0
 91
        1
 62
     0
 92
       -2
340
0
 93
        0
 40
0.045
309
GRIDFORMAT_END
 95
       32
302
GRIDFORMAT
  1
GRIDFORMAT_BEGIN
 90
        0
 91
        1
 62
     0
 92
       -2
340
0
 93
        0
 40
0.045
309
GRIDFORMAT_END
309
TABLEFORMAT_END
  1
CELLSTYLE_BEGIN
 90
        3
 91
        2
300
_DATA
309
CELLSTYLE_END
  0
ENDSEC
  0
SECTION
  2
THUMBNAILIMAGE
 90
    45940
310
28000000B40000005500000001001800000000000000000000000000000000000000000000000000000000000000000000000000000000000000000000000000000000000000000000000000000000000000000000000000000000000000000000000000000000000000000000000000000000000000000000000000000000
310
00000000000000000000000000000000000000000000000000000000000000000000000000000000000000000000000000000000000000000000000000000000000000000000000000000000000000000000000000000000000000000000000000000000000000000000000000000000000000000000000000000000000000
310
00000000000000000000000000000000000000000000000000000000000000000000000000000000000000000000000000000000000000000000000000000000000000000000000000000000000000000000000000000000000000000000000000000000000000000000000000000000000000000000000000000000000000
310
00000000000000000000000000000000000000000000000000000000000000000000000000000000000000000000000000000000000000000000000000000000000000000000000000000000000000000000000000000000000000000000000000000000000000000000000000000000000000000000000000000000000000
310
00000000000000000000000000000000000000000000000000000000000000000000000000000000000000000000000000000000000000000000000000000000000000000000000000000000000000000000000000000000000000000000000000000000000000000000000000000000000000000000000000000000000000
310
00000000000000000000000000000000000000000000000000000000000000000000000000000000000000000000000000000000000000000000000000000000000000000000000000000000000000000000000000000000000000000000000000000000000000000000000000000000000000000000000000000000000000
310
00000000000000000000000000000000000000000000000000000000000000000000000000000000000000000000000000000000000000000000000000000000000000000000000000000000000000000000000000000000000000000000000000000000000000000000000000000000000000000000000000000000000000
310
00000000000000000000000000000000000000000000000000000000000000000000000000000000000000000000000000000000000000000000000000000000000000000000000000000000000000000000000000000000000000000000000000000000000000000000000000000000000000000000000000000000000000
310
00000000000000000000000000000000000000000000000000000000000000000000000000000000000000000000000000000000000000000000000000000000000000000000000000000000000000000000000000000000000000000000000000000000000000000000000000000000000000000000000000000000000000
310
00000000000000000000000000000000000000000000000000000000000000000000000000000000000000000000000000000000000000000000000000000000000000000000000000000000000000000000000000000000000000000000000000000000000000000000000000000000000000000000000000000000000000
310
00000000000000000000000000000000000000000000000000000000000000000000000000000000000000000000000000000000000000000000000000000000000000000000000000000000000000000000000000000000000000000000000000000000000000000000000000000000000000000000000000000000000000
310
00000000000000000000000000000000000000000000000000000000000000000000000000000000000000000000000000000000000000000000000000000000000000000000000000000000000000000000000000000000000000000000000000000000000000000000000000000000000000000000000000000000000000
310
00000000000000000000000000000000000000000000000000000000000000000000000000000000000000000000000000000000000000000000000000000000000000000000000000000000000000000000000000000000000000000000000000000000000000000000000000000000000000000000000000000000000000
310
00000000000000000000000000000000000000000000000000000000000000000000000000000000000000000000000000000000000000000000000000000000000000000000000000000000000000000000000000000000000000000000000000000000000000000000000000000000000000000000000000000000000000
310
00000000000000000000000000000000000000000000000000000000000000000000000000000000000000000000000000000000000000000000000000000000000000000000000000000000000000000000000000000000000000000000000000000000000000000000000000000000000000000000000000000000000000
310
00000000000000000000000000000000000000000000000000000000000000000000000000000000000000000000000000000000000000000000000000000000000000000000000000000000000000000000000000000000000000000000000000000000000000000000000000000000000000000000000000000000000000
310
00000000000000000000000000000000000000000000000000000000000000000000000000000000000000000000000000000000000000000000000000000000000000000000000000000000000000000000000000000000000000000000000000000000000000000000000000000000000000000000000000000000000000
310
00000000000000000000000000000000000000000000000000000000000000000000000000000000000000000000000000000000000000000000000000000000000000000000000000000000000000000000000000000000000000000000000000000000000000000000000000000000000000000000000000000000000000
310
00000000000000000000000000000000000000000000000000000000000000000000000000000000000000000000000000000000000000000000000000000000000000000000000000000000000000000000000000000000000000000000000000000000000000000000000000000000000000000000000000000000000000
310
00000000000000000000000000000000000000000000000000000000000000000000000000000000000000000000000000000000000000000000000000000000000000000000000000000000000000000000000000000000000000000000000000000000000000000000000000000000000000000000000000000000000000
310
00000000000000000000000000000000000000000000000000000000000000000000000000000000000000000000000000000000000000000000000000000000000000000000000000000000000000000000000000000000000000000000000000000000000000000000000000000000000000000000000000000000000000
310
00000000000000000000000000000000000000000000000000000000000000000000000000000000000000000000000000000000000000000000000000000000000000000000000000000000000000000000000000000000000000000000000000000000000000000000000000000000000000000000000000000000000000
310
00000000000000000000000000000000000000000000000000000000000000000000000000000000000000000000000000000000000000000000000000000000000000000000000000000000000000000000000000000000000000000000000000000000000000000000000000000000000000000000000000000000000000
310
00000000000000000000000000000000000000000000000000000000000000000000000000000000000000000000000000000000000000000000000000000000000000000000000000000000000000000000000000000000000000000000000000000000000000000000000000000000000000000000000000000000000000
310
00000000000000000000000000000000000000000000000000000000000000000000000000000000000000000000000000000000000000000000000000000000000000000000000000000000000000000000000000000000000000000000000000000000000000000000000000000000000000000000000000000000000000
310
00000000000000000000000000000000000000000000000000000000000000000000000000000000000000000000000000000000000000000000000000000000000000000000000000000000000000000000000000000000000000000000000000000000000000000000000000000000000000000000000000000000000000
310
00000000000000000000000000000000000000000000000000000000000000000000000000000000000000000000000000000000000000000000000000000000000000000000000000000000000000000000000000000000000000000000000000000000000000000000000000000000000000000000000000000000000000
310
00000000000000000000000000000000000000000000000000000000000000000000000000000000000000000000000000000000000000000000000000000000000000000000000000000000000000000000000000000000000000000000000000000000000000000000000000000000000000000000000000000000000000
310
00000000000000000000000000000000000000000000000000000000000000000000000000000000000000000000000000000000000000000000000000000000000000000000000000000000000000000000000000000000000000000000000000000000000000000000000000000000000000000000000000000000000000
310
00000000000000000000000000000000000000000000000000000000000000000000000000000000000000000000000000000000000000000000000000000000000000000000000000000000000000000000000000000000000000000000000000000000000000000000000000000000000000000000000000000000000000
310
00000000000000000000000000000000000000000000000000000000000000000000000000000000000000000000000000000000000000000000000000000000000000000000000000000000000000000000000000000000000000000000000000000000000000000000000000000000000000000000000000000000000000
310
00000000000000000000000000000000000000000000000000000000000000000000000000000000000000000000000000000000000000000000000000000000000000000000000000000000000000000000000000000000000000000000000000000000000000000000000000000000000000000000000000000000000000
310
00000000000000000000000000000000000000000000000000000000000000000000000000000000000000000000000000000000000000000000000000000000000000000000000000000000000000000000000000000000000000000000000000000000000000000000000000000000000000000000000000000000000000
310
00000000000000000000000000000000000000000000000000000000000000000000000000000000000000000000000000000000000000000000000000000000000000000000000000000000000000000000000000000000000000000000000000000000000000000000000000000000000000000000000000000000000000
310
00000000000000000000000000000000000000000000000000000000000000000000000000000000000000000000000000000000000000000000000000000000000000000000000000000000000000000000000000000000000000000000000000000000000000000000000000000000000000000000000000000000000000
310
00000000000000000000000000000000000000000000000000000000000000000000000000000000000000000000000000000000000000000000000000000000000000000000000000000000000000000000000000000000000000000000000000000000000000000000000000000000000000000000000000000000000000
310
00000000000000000000000000000000000000000000000000000000000000000000000000000000000000000000000000000000000000000000000000000000000000000000000000000000000000000000000000000000000000000000000000000000000000000000000000000000000000000000000000000000000000
310
00000000000000000000000000000000000000000000000000000000000000000000000000000000000000000000000000000000000000000000000000000000000000000000000000000000000000000000000000000000000000000000000000000000000000000000000000000000000000000000000000000000000000
310
00000000000000000000000000000000000000000000000000000000000000000000000000000000000000000000000000000000000000000000000000000000000000000000000000000000000000000000000000000000000000000000000000000000000000000000000000000000000000000000000000000000000000
310
00000000000000000000000000000000000000000000000000000000000000000000000000000000000000000000000000000000000000000000000000000000000000000000000000000000000000000000000000000000000000000000000000000000000000000000000000000000000000000000000000000000000000
310
00000000000000000000000000000000000000000000000000000000000000000000000000000000000000000000000000000000000000000000000000000000000000000000000000000000000000000000000000000000000000000000000000000000000000000000000000000000000000000000000000000000000000
310
00000000000000000000000000000000000000000000000000000000000000000000000000000000000000000000000000000000000000000000000000000000000000000000000000000000000000000000000000000000000000000000000000000000000000000000000000000000000000000000000000000000000000
310
00000000000000000000000000000000000000000000000000000000000000000000000000000000000000000000000000000000000000000000000000000000000000000000000000000000000000000000000000000000000000000000000000000000000000000000000000000000000000000000000000000000000000
310
00000000000000000000000000000000000000000000000000000000000000000000000000000000000000000000000000000000000000000000000000000000000000000000000000000000000000000000000000000000000000000000000000000000000000000000000000000000000000000000000000000000000000
310
00000000000000000000000000000000000000000000000000000000000000000000000000000000000000000000000000000000000000000000000000000000000000000000000000000000000000000000000000000000000000000000000000000000000000000000000000000000000000000000000000000000000000
310
00000000000000000000000000000000000000000000000000000000000000000000000000000000000000000000000000000000000000000000000000000000000000000000000000000000000000000000000000000000000000000000000000000000000000000000000000000000000000000000000000000000000000
310
00000000000000000000000000000000000000000000000000000000000000000000000000000000000000000000000000000000000000000000000000000000000000000000000000000000000000000000000000000000000000000000000000000000000000000000000000000000000000000000000000000000000000
310
00000000000000000000000000000000000000000000000000000000000000000000000000000000000000000000000000000000000000000000000000000000000000000000000000000000000000000000000000000000000000000000000000000000000000000000000000000000000000000000000000000000000000
310
00000000000000000000000000000000000000000000000000000000000000000000000000000000000000000000000000000000000000000000000000000000000000000000000000000000000000000000000000000000000000000000000000000000000000000000000000000000000000000000000000000000000000
310
00000000000000000000000000000000000000000000000000000000000000000000000000000000000000000000000000000000000000000000000000000000000000000000000000000000000000000000000000000000000000000000000000000000000000000000000000000000000000000000000000000000000000
310
00000000000000000000000000000000000000000000000000000000000000000000000000000000000000000000000000000000000000000000000000000000000000000000000000000000000000000000000000000000000000000000000000000000000000000000000000000000000000000000000000000000000000
310
00000000000000000000000000000000000000000000000000000000000000000000000000000000000000000000000000000000000000000000000000000000000000000000000000000000000000000000000000000000000000000000000000000000000000000000000000000000000000000000000000000000000000
310
00000000000000000000000000000000000000000000000000000000000000000000000000000000000000000000000000000000000000000000000000000000000000000000000000000000000000000000000000000000000000000000000000000000000000000000000000000000000000000000000000000000000000
310
00000000000000000000000000000000000000000000000000000000000000000000000000000000000000000000000000000000000000000000000000000000000000000000000000000000000000000000000000000000000000000000000000000000000000000000000000000000000000000000000000000000000000
310
00000000000000000000000000000000000000000000000000000000000000000000000000000000000000000000000000000000000000000000000000000000000000000000000000000000000000000000000000000000000000000000000000000000000000000000000000000000000000000000000000000000000000
310
00000000000000000000000000000000000000000000000000000000000000000000000000000000000000000000000000000000000000000000000000000000000000000000000000000000000000000000000000000000000000000000000000000000000000000000000000000000000000000000000000000000000000
310
00000000000000000000000000000000000000000000000000000000000000000000000000000000000000000000000000000000000000000000000000000000000000000000000000000000000000000000000000000000000000000000000000000000000000000000000000000000000000000000000000000000000000
310
00000000000000000000000000000000000000000000000000000000000000000000000000000000000000000000000000000000000000000000000000000000000000000000000000000000000000000000000000000000000000000000000000000000000000000000000000000000000000000000000000000000000000
310
00000000000000000000000000000000000000000000000000000000000000000000000000000000000000000000000000000000000000000000000000000000000000000000000000000000000000000000000000000000000000000000000000000000000000000000000000000000000000000000000000000000000000
310
00000000000000000000000000000000000000000000000000000000000000000000000000000000000000000000000000000000000000000000000000000000000000000000000000000000000000000000000000000000000000000000000000000000000000000000000000000000000000000000000000000000000000
310
00000000000000000000000000000000000000000000000000000000000000000000000000000000000000000000000000000000000000000000000000000000000000000000000000000000000000000000000000000000000000000000000000000000000000000000000000000000000000000000000000000000000000
310
00000000000000000000000000000000000000000000000000000000000000000000000000000000000000000000000000000000000000000000000000000000000000000000000000000000000000000000000000000000000000000000000000000000000000000000000000000000000000000000000000000000000000
310
00000000000000000000000000000000000000000000000000000000000000000000000000000000000000000000000000000000000000000000000000000000000000000000000000000000000000000000000000000000000000000000000000000000000000000000000000000000000000000000000000000000000000
310
00000000000000000000000000000000000000000000000000000000000000000000000000000000000000000000000000000000000000000000000000000000000000000000000000000000000000000000000000000000000000000000000000000000000000000000000000000000000000000000000000000000000000
310
00000000000000000000000000000000000000000000000000000000000000000000000000000000000000000000000000000000000000000000000000000000000000000000000000000000000000000000000000000000000000000000000000000000000000000000000000000000000000000000000000000000000000
310
00000000000000000000000000000000000000000000000000000000000000000000000000000000000000000000000000000000000000000000000000000000000000000000000000000000000000000000000000000000000000000000000000000000000000000000000000000000000000000000000000000000000000
310
00000000000000000000000000000000000000000000000000000000000000000000000000000000000000000000000000000000000000000000000000000000000000000000000000000000000000000000000000000000000000000000000000000000000000000000000000000000000000000000000000000000000000
310
00000000000000000000000000000000000000000000000000000000000000000000000000000000000000000000000000000000000000000000000000000000000000000000000000000000000000000000000000000000000000000000000000000000000000000000000000000000000000000000000000000000000000
310
00000000000000000000000000000000000000000000000000000000000000000000000000000000000000000000000000000000000000000000000000000000000000000000000000000000000000000000000000000000000000000000000000000000000000000000000000000000000000000000000000000000000000
310
00000000000000000000000000000000000000000000000000000000000000000000000000000000000000000000000000000000000000000000000000000000000000000000000000000000000000000000000000000000000000000000000000000000000000000000000000000000000000000000000000000000000000
310
00000000000000000000000000000000000000000000000000000000000000000000000000000000000000000000000000000000000000000000000000000000000000000000000000000000000000000000000000000000000000000000000000000000000000000000000000000000000000000000000000000000000000
310
00000000000000000000000000000000000000000000000000000000000000000000000000000000000000000000000000000000000000000000000000000000000000000000000000000000000000000000000000000000000000000000000000000000000000000000000000000000000000000000000000000000000000
310
00000000000000000000000000000000000000000000000000000000000000000000000000000000000000000000000000000000000000000000000000000000000000000000000000000000000000000000000000000000000000000000000000000000000000000000000000000000000000000000000000000000000000
310
00000000000000000000000000000000000000000000000000000000000000000000000000000000000000000000000000000000000000000000000000000000000000000000000000000000000000000000000000000000000000000000000000000000000000000000000000000000000000000000000000000000000000
310
00000000000000000000000000000000000000000000000000000000000000000000000000000000000000000000000000000000000000000000000000000000000000000000000000000000000000000000000000000000000000000000000000000000000000000000000000000000000000000000000000000000000000
310
00000000000000000000000000000000000000000000000000000000000000000000000000000000000000000000000000000000000000000000000000000000000000000000000000000000000000000000000000000000000000000000000000000000000000000000000000000000000000000000000000000000000000
310
00000000000000000000000000000000000000000000000000000000000000000000000000000000000000000000000000000000000000000000000000000000000000000000000000000000000000000000000000000000000000000000000000000000000000000000000000000000000000000000000000000000000000
310
00000000000000000000000000000000000000000000000000000000000000000000000000000000000000000000000000000000000000000000000000000000000000000000000000000000000000000000000000000000000000000000000000000000000000000000000000000000000000000000000000000000000000
310
00000000000000000000000000000000000000000000000000000000000000000000000000000000000000000000000000000000000000000000000000000000000000000000000000000000000000000000000000000000000000000000000000000000000000000000000000000000000000000000000000000000000000
310
00000000000000000000000000000000000000000000000000000000000000000000000000000000000000000000000000000000000000000000000000000000000000000000000000000000000000000000000000000000000000000000000000000000000000000000000000000000000000000000000000000000000000
310
00000000000000000000000000000000000000000000000000000000000000000000000000000000000000000000000000000000000000000000000000000000000000000000000000000000000000000000000000000000000000000000000000000000000000000000000000000000000000000000000000000000000000
310
00000000000000000000000000000000000000000000000000000000000000000000000000000000000000000000000000000000000000000000000000000000000000000000000000000000000000000000000000000000000000000000000000000000000000000000000000000000000000000000000000000000000000
310
00000000000000000000000000000000000000000000000000000000000000000000000000000000000000000000000000000000000000000000000000000000000000000000000000000000000000000000000000000000000000000000000000000000000000000000000000000000000000000000000000000000000000
310
00000000000000000000000000000000000000000000000000000000000000000000000000000000000000000000000000000000000000000000000000000000000000000000000000000000000000000000000000000000000000000000000000000000000000000000000000000000000000000000000000000000000000
310
00000000000000000000000000000000000000000000000000000000000000000000000000000000000000000000000000000000000000000000000000000000000000000000000000000000000000000000000000000000000000000000000000000000000000000000000000000000000000000000000000000000000000
310
00000000000000000000000000000000000000000000000000000000000000000000000000000000000000000000000000000000000000000000000000000000000000000000000000000000000000000000000000000000000000000000000000000000000000000000000000000000000000000000000000000000000000
310
00000000000000000000000000000000000000000000000000000000000000000000000000000000000000000000000000000000000000000000000000000000000000000000000000000000000000000000000000000000000000000000000000000000000000000000000000000000000000000000000000000000000000
310
00000000000000000000000000000000000000000000000000000000000000000000000000000000000000000000000000000000000000000000000000000000000000000000000000000000000000000000000000000000000000000000000000000000000000000000000000000000000000000000000000000000000000
310
00000000000000000000000000000000000000000000000000000000000000000000000000000000000000000000000000000000000000000000000000000000000000000000000000000000000000000000000000000000000000000000000000000000000000000000000000000000000000000000000000000000000000
310
00000000000000000000000000000000000000000000000000000000000000000000000000000000000000000000000000000000000000000000000000000000000000000000000000000000000000000000000000000000000000000000000000000000000000000000000000000000000000000000000000000000000000
310
00000000000000000000000000000000000000000000000000000000000000000000000000000000000000000000000000000000000000000000000000000000000000000000000000000000000000000000000000000000000000000000000000000000000000000000000000000000000000000000000000000000000000
310
00000000000000000000000000000000000000000000000000000000000000000000000000000000000000000000000000000000000000000000000000000000000000000000000000000000000000000000000000000000000000000000000000000000000000000000000000000000000000000000000000000000000000
310
00000000000000000000000000000000000000000000000000000000000000000000000000000000000000000000000000000000000000000000000000000000000000000000000000000000000000000000000000000000000000000000000000000000000000000000000000000000000000000000000000000000000000
310
00000000000000000000000000000000000000000000000000000000000000000000000000000000000000000000000000000000000000000000000000000000000000000000000000000000000000000000000000000000000000000000000000000000000000000000000000000000000000000000000000000000000000
310
00000000000000000000000000000000000000000000000000000000000000000000000000000000000000000000000000000000000000000000000000000000000000000000000000000000000000000000000000000000000000000000000000000000000000000000000000000000000000000000000000000000000000
310
00000000000000000000000000000000000000000000000000000000000000000000000000000000000000000000000000000000000000000000000000000000000000000000000000000000000000000000000000000000000000000000000000000000000000000000000000000000000000000000000000000000000000
310
00000000000000000000000000000000000000000000000000000000000000000000000000000000000000000000000000000000000000000000000000000000000000000000000000000000000000000000000000000000000000000000000000000000000000000000000000000000000000000000000000000000000000
310
00000000000000000000000000000000000000000000000000000000000000000000000000000000000000000000000000000000000000000000000000000000000000000000000000000000000000000000000000000000000000000000000000000000000000000000000000000000000000000000000000000000000000
310
00000000000000000000000000000000000000000000000000000000000000000000000000000000000000000000000000000000000000000000000000000000000000000000000000000000000000000000000000000000000000000000000000000000000000000000000000000000000000000000000000000000000000
310
00000000000000000000000000000000000000000000000000000000000000000000000000000000000000000000000000000000000000000000000000000000000000000000000000000000000000000000000000000000000000000000000000000000000000000000000000000000000000000000000000000000000000
310
00000000000000000000000000000000000000000000000000000000000000000000000000000000000000000000000000000000000000000000000000000000000000000000000000000000000000000000000000000000000000000000000000000000000000000000000000000000000000000000000000000000000000
310
00000000000000000000000000000000000000000000000000000000000000000000000000000000000000000000000000000000000000000000000000000000000000000000000000000000000000000000000000000000000000000000000000000000000000000000000000000000000000000000000000000000000000
310
00000000000000000000000000000000000000000000000000000000000000000000000000000000000000000000000000000000000000000000000000000000000000000000000000000000000000000000000000000000000000000000000000000000000000000000000000000000000000000000000000000000000000
310
00000000000000000000000000000000000000000000000000000000000000000000000000000000000000000000000000000000000000000000000000000000000000000000000000000000000000000000000000000000000000000000000000000000000000000000000000000000000000000000000000000000000000
310
00000000000000000000000000000000000000000000000000000000000000000000000000000000000000000000000000000000000000000000000000000000000000000000000000000000000000000000000000000000000000000000000000000000000000000000000000000000000000000000000000000000000000
310
00000000000000000000000000000000000000000000000000000000000000000000000000000000000000000000000000000000000000000000000000000000000000000000000000000000000000000000000000000000000000000000000000000000000000000000000000000000000000000000000000000000000000
310
00000000000000000000000000000000000000000000000000000000000000000000000000000000000000000000000000000000000000000000000000000000000000000000000000000000000000000000000000000000000000000000000000000000000000000000000000000000000000000000000000000000000000
310
00000000000000000000000000000000000000000000000000000000000000000000000000000000000000000000000000000000000000000000000000000000000000000000000000000000000000000000000000000000000000000000000000000000000000000000000000000000000000000000000000000000000000
310
00000000000000000000000000000000000000000000000000000000000000000000000000000000000000000000000000000000000000000000000000000000000000000000000000000000000000000000000000000000000000000000000000000000000000000000000000000000000000000000000000000000000000
310
00000000000000000000000000000000000000000000000000000000000000000000000000000000000000000000000000000000000000000000000000000000000000000000000000000000000000000000000000000000000000000000000000000000000000000000000000000000000000000000000000000000000000
310
00000000000000000000000000000000000000000000000000000000000000000000000000000000000000000000000000000000000000000000000000000000000000000000000000000000000000000000000000000000000000000000000000000000000000000000000000000000000000000000000000000000000000
310
00000000000000000000000000000000000000000000000000000000000000000000000000000000000000000000000000000000000000000000000000000000000000000000000000000000000000000000000000000000000000000000000000000000000000000000000000000000000000000000000000000000000000
310
00000000000000000000000000000000000000000000000000000000000000000000000000000000000000000000000000000000000000000000000000000000000000000000000000000000000000000000000000000000000000000000000000000000000000000000000000000000000000000000000000000000000000
310
00000000000000000000000000000000000000000000000000000000000000000000000000000000000000000000000000000000000000000000000000000000000000000000000000000000000000000000000000000000000000000000000000000000000000000000000000000000000000000000000000000000000000
310
00000000000000000000000000000000000000000000000000000000000000000000000000000000000000000000000000000000000000000000000000000000000000000000000000000000000000000000000000000000000000000000000000000000000000000000000000000000000000000000000000000000000000
310
00000000000000000000000000000000000000000000000000000000000000000000000000000000000000000000000000000000000000000000000000000000000000000000000000000000000000000000000000000000000000000000000000000000000000000000000000000000000000000000000000000000000000
310
00000000000000000000000000000000000000000000000000000000000000000000000000000000000000000000000000000000000000000000000000000000000000000000000000000000000000000000000000000000000000000000000000000000000000000000000000000000000000000000000000000000000000
310
00000000000000000000000000000000000000000000000000000000000000000000000000000000000000000000000000000000000000000000000000000000000000000000000000000000000000000000000000000000000000000000000000000000000000000000000000000000000000000000000000000000000000
310
00000000000000000000000000000000000000000000000000000000000000000000000000000000000000000000000000000000000000000000000000000000000000000000000000000000000000000000000000000000000000000000000000000000000000000000000000000000000000000000000000000000000000
310
00000000000000000000000000000000000000000000000000000000000000000000000000000000000000000000000000000000000000000000000000000000000000000000000000000000000000000000000000000000000000000000000000000000000000000000000000000000000000000000000000000000000000
310
00000000000000000000000000000000000000000000000000000000000000000000000000000000000000000000000000000000000000000000000000000000000000000000000000000000000000000000000000000000000000000000000000000000000000000000000000000000000000000000000000000000000000
310
00000000000000000000000000000000000000000000000000000000000000000000000000000000000000000000000000000000000000000000000000000000000000000000000000000000000000000000000000000000000000000000000000000000000000000000000000000000000000000000000000000000000000
310
00000000000000000000000000000000000000000000000000000000000000000000000000000000000000000000000000000000000000000000000000000000000000000000000000000000000000000000000000000000000000000000000000000000000000000000000000000000000000000000000000000000000000
310
00000000000000000000000000000000000000000000000000000000000000000000000000000000000000000000000000000000000000000000000000000000000000000000000000000000000000000000000000000000000000000000000000000000000000000000000000000000000000000000000000000000000000
310
00000000000000000000000000000000000000000000000000000000000000000000000000000000000000000000000000000000000000000000000000000000000000000000000000000000000000000000000000000000000000000000000000000000000000000000000000000000000000000000000000000000000000
310
00000000000000000000000000000000000000000000000000000000000000000000000000000000000000000000000000000000000000000000000000000000000000000000000000000000000000000000000000000000000000000000000000000000000000000000000000000000000000000000000000000000000000
310
00000000000000000000000000000000000000000000000000000000000000000000000000000000000000000000000000000000000000000000000000000000000000000000000000000000000000000000000000000000000000000000000000000000000000000000000000000000000000000000000000000000000000
310
00000000000000000000000000000000000000000000000000000000000000000000000000000000000000000000000000000000000000000000000000000000000000000000000000000000000000000000000000000000000000000000000000000000000000000000000000000000000000000000000000000000000000
310
00000000000000000000000000000000000000000000000000000000000000000000000000000000000000000000000000000000000000000000000000000000000000000000000000000000000000000000000000000000000000000000000000000000000000000000000000000000000000000000000000000000000000
310
00000000000000000000000000000000000000000000000000000000000000000000000000000000000000000000000000000000000000000000000000000000000000000000000000000000000000000000000000000000000000000000000000000000000000000000000000000000000000000000000000000000000000
310
00000000000000000000000000000000000000000000000000000000000000000000000000000000000000000000000000000000000000000000000000000000000000000000000000000000000000000000000000000000000000000000000000000000000000000000000000000000000000000000000000000000000000
310
00000000000000000000000000000000000000000000000000000000000000000000000000000000000000000000000000000000000000000000000000000000000000000000000000000000000000000000000000000000000000000000000000000000000000000000000000000000000000000000000000000000000000
310
00000000000000000000000000000000000000000000000000000000000000000000000000000000000000000000000000000000000000000000000000000000000000000000000000000000000000000000000000000000000000000000000000000000000000000000000000000000000000000000000000000000000000
310
00000000000000000000000000000000000000000000000000000000000000000000000000000000000000000000000000000000000000000000000000000000000000000000000000000000000000000000000000000000000000000000000000000000000000000000000000000000000000000000000000000000000000
310
00000000000000000000000000000000000000000000000000000000000000000000000000000000000000000000000000000000000000000000000000000000000000000000000000000000000000000000000000000000000000000000000000000000000000000000000000000000000000000000000000000000000000
310
00000000000000000000000000000000000000000000000000000000000000000000000000000000000000000000000000000000000000000000000000000000000000000000000000000000000000000000000000000000000000000000000000000000000000000000000000000000000000000000000000000000000000
310
00000000000000000000000000000000000000000000000000000000000000000000000000000000000000000000000000000000000000000000000000000000000000000000000000000000000000000000000000000000000000000000000000000000000000000000000000000000000000000000000000000000000000
310
00000000000000000000000000000000000000000000000000000000000000000000000000000000000000000000000000000000000000000000000000000000000000000000000000000000000000000000000000000000000000000000000000000000000000000000000000000000000000000000000000000000000000
310
00000000000000000000000000000000000000000000000000000000000000000000000000000000000000000000000000000000000000000000000000000000000000000000000000000000000000000000000000000000000000000000000000000000000000000000000000000000000000000000000000000000000000
310
00000000000000000000000000000000000000000000000000000000000000000000000000000000000000000000000000000000000000000000000000000000000000000000000000000000000000000000000000000000000000000000000000000000000000000000000000000000000000000000000000000000000000
310
00000000000000000000000000000000000000000000000000000000000000000000000000000000000000000000000000000000000000000000000000000000000000000000000000000000000000000000000000000000000000000000000000000000000000000000000000000000000000000000000000000000000000
310
00000000000000000000000000000000000000000000000000000000000000000000000000000000000000000000000000000000000000000000000000000000000000000000000000000000000000000000000000000000000000000000000000000000000000000000000000000000000000000000000000000000000000
310
00000000000000000000000000000000000000000000000000000000000000000000000000000000000000000000000000000000000000000000000000000000000000000000000000000000000000000000000000000000000000000000000000000000000000000000000000000000000000000000000000000000000000
310
00000000000000000000000000000000000000000000000000000000000000000000000000000000000000000000000000000000000000000000000000000000000000000000000000000000000000000000000000000000000000000000000000000000000000000000000000000000000000000000000000000000000000
310
00000000000000000000000000000000000000000000000000000000000000000000000000000000000000000000000000000000000000000000000000000000000000000000000000000000000000000000000000000000000000000000000000000000000000000000000000000000000000000000000000000000000000
310
00000000000000000000000000000000000000000000000000000000000000000000000000000000000000000000000000000000000000000000000000000000000000000000000000000000000000000000000000000000000000000000000000000000000000000000000000000000000000000000000000000000000000
310
00000000000000000000000000000000000000000000000000000000000000000000000000000000000000000000000000000000000000000000000000000000000000000000000000000000000000000000000000000000000000000000000000000000000000000000000000000000000000000000000000000000000000
310
00000000000000000000000000000000000000000000000000000000000000000000000000000000000000000000000000000000000000000000000000000000000000000000000000000000000000000000000000000000000000000000000000000000000000000000000000000000000000000000000000000000000000
310
00000000000000000000000000000000000000000000000000000000000000000000000000000000000000000000000000000000000000000000000000000000000000000000000000000000000000000000000000000000000000000000000000000000000000000000000000000000000000000000000000000000000000
310
00000000000000000000000000000000000000000000000000000000000000000000000000000000000000000000000000000000000000000000000000000000000000000000000000000000000000000000000000000000000000000000000000000000000000000000000000000000000000000000000000000000000000
310
00000000000000000000000000000000000000000000000000000000000000000000000000000000000000000000000000000000000000000000000000000000000000000000000000000000000000000000000000000000000000000000000000000000000000000000000000000000000000000000000000000000000000
310
00000000000000000000000000000000000000000000000000000000000000000000000000000000000000000000000000000000000000000000000000000000000000000000000000000000000000000000000000000000000000000000000000000000000000000000000000000000000000000000000000000000000000
310
00000000000000000000000000000000000000000000000000000000000000000000000000000000000000000000000000000000000000000000000000000000000000000000000000000000000000000000000000000000000000000000000000000000000000000000000000000000000000000000000000000000000000
310
00000000000000000000000000000000000000000000000000000000000000000000000000000000000000000000000000000000000000000000000000000000000000000000000000000000000000000000000000000000000000000000000000000000000000000000000000000000000000000000000000000000000000
310
00000000000000000000000000000000000000000000000000000000000000000000000000000000000000000000000000000000000000000000000000000000000000000000000000000000000000000000000000000000000000000000000000000000000000000000000000000000000000000000000000000000000000
310
00000000000000000000000000000000000000000000000000000000000000000000000000000000000000000000000000000000000000000000000000000000000000000000000000000000000000000000000000000000000000000000000000000000000000000000000000000000000000000000000000000000000000
310
00000000000000000000000000000000000000000000000000000000000000000000000000000000000000000000000000000000000000000000000000000000000000000000000000000000000000000000000000000000000000000000000000000000000000000000000000000000000000000000000000000000000000
310
00000000000000000000000000000000000000000000000000000000000000000000000000000000000000000000000000000000000000000000000000000000000000000000000000000000000000000000000000000000000000000000000000000000000000000000000000000000000000000000000000000000000000
310
00000000000000000000000000000000000000000000000000000000000000000000000000000000000000000000000000000000000000000000000000000000000000000000000000000000000000000000000000000000000000000000000000000000000000000000000000000000000000000000000000000000000000
310
00000000000000000000000000000000000000000000000000000000000000000000000000000000000000000000000000000000000000000000000000000000000000000000000000000000000000000000000000000000000000000000000000000000000000000000000000000000000000000000000000000000000000
310
00000000000000000000000000000000000000000000000000000000000000000000000000000000000000000000000000000000000000000000000000000000000000000000000000000000000000000000000000000000000000000000000000000000000000000000000000000000000000000000000000000000000000
310
00000000000000000000000000000000000000000000000000000000000000000000000000000000000000000000000000000000000000000000000000000000000000000000000000000000000000000000000000000000000000000000000000000000000000000000000000000000000000000000000000000000000000
310
00000000000000000000000000000000000000000000000000000000000000000000000000000000000000000000000000000000000000000000000000000000000000000000000000000000000000000000000000000000000000000000000000000000000000000000000000000000000000000000000000000000000000
310
00000000000000000000000000000000000000000000000000000000000000000000000000000000000000000000000000000000000000000000000000000000000000000000000000000000000000000000000000000000000000000000000000000000000000000000000000000000000000000000000000000000000000
310
00000000000000000000000000000000000000000000000000000000000000000000000000000000000000000000000000000000000000000000000000000000000000000000000000000000000000000000000000000000000000000000000000000000000000000000000000000000000000000000000000000000000000
310
00000000000000000000000000000000000000000000000000000000000000000000000000000000000000000000000000000000000000000000000000000000000000000000000000000000000000000000000000000000000000000000000000000000000000000000000000000000000000000000000000000000000000
310
00000000000000000000000000000000000000000000000000000000000000000000000000000000000000000000000000000000000000000000000000000000000000000000000000000000000000000000000000000000000000000000000000000000000000000000000000000000000000000000000000000000000000
310
00000000000000000000000000000000000000000000000000000000000000000000000000000000000000000000000000000000000000000000000000000000000000000000000000000000000000000000000000000000000000000000000000000000000000000000000000000000000000000000000000000000000000
310
00000000000000000000000000000000000000000000000000000000000000000000000000000000000000000000000000000000000000000000000000000000000000000000000000000000000000000000000000000000000000000000000000000000000000000000000000000000000000000000000000000000000000
310
00000000000000000000000000000000000000000000000000000000000000000000000000000000000000000000000000000000000000000000000000000000000000000000000000000000000000000000000000000000000000000000000000000000000000000000000000000000000000000000000000000000000000
310
00000000000000000000000000000000000000000000000000000000000000000000000000000000000000000000000000000000000000000000000000000000000000000000000000000000000000000000000000000000000000000000000000000000000000000000000000000000000000000000000000000000000000
310
00000000000000000000000000000000000000000000000000000000000000000000000000000000000000000000000000000000000000000000000000000000000000000000000000000000000000000000000000000000000000000000000000000000000000000000000000000000000000000000000000000000000000
310
00000000000000000000000000000000000000000000000000000000000000000000000000000000000000000000000000000000000000000000000000000000000000000000000000000000000000000000000000000000000000000000000000000000000000000000000000000000000000000000000000000000000000
310
00000000000000000000000000000000000000000000000000000000000000000000000000000000000000000000000000000000000000000000000000000000000000000000000000000000000000000000000000000000000000000000000000000000000000000000000000000000000000000000000000000000000000
310
00000000000000000000000000000000000000000000000000000000000000000000000000000000000000000000000000000000000000000000000000000000000000000000000000000000000000000000000000000000000000000000000000000000000000000000000000000000000000000000000000000000000000
310
00000000000000000000000000000000000000000000000000000000000000000000000000000000000000000000000000000000000000000000000000000000000000000000000000000000000000000000000000000000000000000000000000000000000000000000000000000000000000000000000000000000000000
310
00000000000000000000000000000000000000000000000000000000000000000000000000000000000000000000000000000000000000000000000000000000000000000000000000000000000000000000000000000000000000000000000000000000000000000000000000000000000000000000000000000000000000
310
00000000000000000000000000000000000000000000000000000000000000000000000000000000000000000000000000000000000000000000000000000000000000000000000000000000000000000000000000000000000000000000000000000000000000000000000000000000000000000000000000000000000000
310
00000000000000000000000000000000000000000000000000000000000000000000000000000000000000000000000000000000000000000000000000000000000000000000000000000000000000000000000000000000000000000000000000000000000000000000000000000000000000000000000000000000000000
310
00000000000000000000000000000000000000000000000000000000000000000000000000000000000000000000000000000000000000000000000000000000000000000000000000000000000000000000000000000000000000000000000000000000000000000000000000000000000000000000000000000000000000
310
00000000000000000000000000000000000000000000000000000000000000000000000000000000000000000000000000000000000000000000000000000000000000000000000000000000000000000000000000000000000000000000000000000000000000000000000000000000000000000000000000000000000000
310
00000000000000000000000000000000000000000000000000000000000000000000000000000000000000000000000000000000000000000000000000000000000000000000000000000000000000000000000000000000000000000000000000000000000000000000000000000000000000000000000000000000000000
310
00000000000000000000000000000000000000000000000000000000000000000000000000000000000000000000000000000000000000000000000000000000000000000000000000000000000000000000000000000000000000000000000000000000000000000000000000000000000000000000000000000000000000
310
00000000000000000000000000000000000000000000000000000000000000000000000000000000000000000000000000000000000000000000000000000000000000000000000000000000000000000000000000000000000000000000000000000000000000000000000000000000000000000000000000FFFFFFFFFFFF
310
FFFFFFFFFFFFFFFFFFFFFFFFFFFFFFFFFFFFFFFFFFFFFFFFFFFFFFFFFFFFFFFFFFFFFFFFFFFFFFFFFFFF000000000000000000000000000000000000FFFFFFFFFFFFFFFFFFFFFFFFFFFFFFFFFFFFFFFFFFFFFFFFFFFFFFFFFFFFFFFFFFFFFFFFFFFFFFFFFFFF00000000000000000000000000000000000000000000000000
310
00000000000000000000000000000000000000000000000000000000000000000000000000000000000000000000000000000000FF0000000000000000000000000000000000000000000000000000000000000000000000000000000000000000000000000000000000000000000000000000000000000000000000000000
310
00FFFFFFFFFFFFFFFFFFFFFFFFFFFFFFFFFFFFFFFFFFFFFFFFFFFFFFFFFFFFFFFFFFFFFFFFFFFFFF000000000000000000000000000000000000000000FFFFFFFFFFFFFFFFFFFFFFFFFFFFFFFFFFFFFFFFFFFFFFFFFFFFFFFFFFFFFFFFFFFFFFFFFFFFFFFFFFFFFFFFFF000000000000000000000000000000000000000000
310
00000000000000000000000000000000000000000000000000000000000000000000000000000000000000000000000000000000000000000000000000000000000000000000000000000000000000000000000000000000000000000000000000000000000000000000000000000000000000000000000000000000000000
310
0000000000000000000000000000000000000000000000000000FFFFFF000000000000000000000000000000000000000000000000000000000000000000000000000000000000FFFFFFFFFFFFFFFFFFFFFFFFFFFFFF000000FFFFFFFFFFFF0000000000000000000000000000000000000000000000000000000000000000
310
00000000000000FFFFFFFFFFFFFFFFFFFFFFFFFFFFFFFFFFFFFFFFFFFFFFFFFFFFFFFFFFFFFFFFFFFFFFFFFFFFFFFFFFFFFFFFFFFFFFFFFFFFFFFFFFFFFFFFFFFFFFFFFFFFFFFFFFFFFFFFFFFFFFFFFFFFFF0000FFFFFFFFFFFFFFFFFFFFFFFFFFFFFFFFFFFFFFFFFFFFFFFFFFFFFFFFFFFFFFFFFFFFFFFFFFFFFFFFFFFFFF
310
FFFFFFFFFFFFFFFFFFFFFFFFFFFFFFFFFFFFFFFFFFFFFFFF000000FFFFFFFFFFFF000000000000000000000000000000000000000000000000000000000000000000000000000000FFFFFFFFFFFFFFFFFFFFFFFFFFFFFF000000FFFFFFFFFFFF00000000000000000000000000000000000000000000000000000000000000
310
0000000000000000000000FFFFFF0000000000000000000000000000000000000000000000000000000000000000000000000000000000000000000000000000000000000000000000000000000000000000000000000000000000000000000000000000000000000000000000000000000000000000000000000000000000
310
00000000000000000000000000000000000000000000000000000000000000000000000000000000000000FFFFFFFFFFFFFFFFFFFFFFFFFFFFFFFFFFFF000000000000000000000000000000000000000000000000000000000000000000000000000000000000FFFFFF000000000000000000000000000000000000FFFFFF
310
000000000000000000000000000000000000000000000000000000000000000000000000000000FFFFFF000000FFFFFF00000000000000000000000000000000000000000000000000000000000000000000000000000000000000000000000000000000000000000000000000000000000000000000000000000000000000
310
0000000000000000000000000000000000000000000000000000000000000000000000000000000000000000000000000000000000000000FFFFFF000000FFFFFF000000000000000000000000000000000000000000000000000000000000000000000000000000FFFFFF000000000000000000000000000000000000FFFF
310
FF000000000000000000000000000000000000000000000000000000000000000000000000000000000000FFFFFFFFFFFFFFFFFFFFFFFFFFFFFFFFFFFF000000000000000000000000000000000000000000000000000000000000000000000000000000000000000000000000000000000000000000000000000000000000
310
000000000000000000000000000000000000000000000000000000FFFFFFFFFFFFFFFFFFFFFFFFFFFFFFFFFFFFFFFFFFFFFFFFFFFFFFFFFFFFFFFFFFFFFFFFFFFFFFFFFFFFFFFFFF0000FFFFFFFF000000000000FFFFFFFFFFFFFFFFFF00000000000000000000000000000000000000000000000000000000000000000000
310
0000000000000000FFFFFF000000000000000000000000000000000000FFFFFF000000000000000000000000000000000000000000000000000000000000000000000000000000FFFFFF0000000000000000000000000000000000000000000000000000000000000000000000000000000000000000000000000000000000
310
000000000000000000000000000000000000000000FF000000000000000000000000000000000000000000000000000000000000000000000000000000000000000000000000000000000000000000000000000000000000000000000000FFFFFF000000000000000000000000000000000000000000000000000000000000
310
000000000000000000FFFFFF000000000000000000000000000000000000FFFFFF000000000000000000000000000000000000000000000000000000000000000000000000000000000000FFFFFFFFFFFF000000000000000000FFFFFFFFFFFFFFFFFFFFFFFFFFFFFFFFFFFFFFFFFFFFFFFF0000FFFFFFFFFFFFFFFFFFFFFF
310
FFFFFFFFFFFFFFFFFFFFFF000000000000000000000000000000000000000000000000000000000000000000000000000000000000000000000000FFFFFF0000000000000000000000000000000000000000000000FF000000000000000000000000000000000000FFFFFFFFFFFF000000000000000000000000FFFFFF0000
310
00000000000000000000000000000000000000000000000000000000000000000000000000000000FFFFFF000000000000000000000000000000000000FFFFFF000000000000000000000000000000000000000000000000000000000000000000000000000000FFFFFF000000000000000000000000000000000000000000
310
0000000000000000000000000000000000000000000000000000000000000000000000000000000000000000000000000000000000FF000000000000000000000000000000000000000000000000000000000000000000000000000000000000000000000000000000000000000000000000000000000000000000000000FF
310
FFFF000000000000000000000000000000000000000000000000000000000000000000000000000000FFFFFF000000000000000000000000000000000000FFFFFF000000000000000000000000000000000000000000000000000000000000000000000000000000000000FFFFFF000000000000000000000000FFFFFFFFFF
310
FF0000000000000000000000000000000000000000FF000000000000000000000000000000000000FFFFFF000000000000000000000000000000000000000000000000000000000000000000000000000000000000000000000000FFFFFF0000000000000000000000000000000000000000000000FF000000000000000000
310
000000000000000000000000FFFFFF000000000000000000000000FFFFFF000000000000000000000000000000000000000000000000000000000000000000000000000000000000FFFFFF000000000000000000000000000000000000FFFFFF00000000000000000000000000000000000000000000000000000000000000
310
0000000000000000FFFFFF0000000000000000000000000000000000000000000000000000000000000000000000000000000000000000000000000000000000000000000000000000000000000000000000000000000000000000000000000000000000000000000000000000000000000000000000000000000000000000
310
00000000000000000000000000000000000000000000000000000000000000FFFFFF000000000000000000000000000000000000000000000000000000000000000000000000000000FFFFFF000000000000000000000000000000000000FFFFFF000000000000000000000000000000000000000000000000000000000000
310
000000000000000000000000FFFFFF000000000000000000000000FFFFFF0000000000000000000000000000000000000000000000FF000000000000000000000000000000000000FFFFFF000000000000000000000000000000000000000000000000000000000000000000000000000000000000000000000000FFFFFF00
310
00000000000000000000000000000000000000000000FF000000000000000000000000000000000000000000FFFFFF000000000000000000000000FFFFFF000000000000000000000000000000000000000000000000000000000000000000000000000000000000FFFFFF000000000000000000000000000000000000FFFF
310
FF000000000000000000000000000000000000000000000000000000000000000000000000000000FFFFFF000000000000000000000000000000000000000000000000000000000000000000000000000000000000000000000000000000000000000000000000000000000000000000000000000000000000000000000000
310
000000000000000000000000000000000000000000000000000000000000000000000000000000000000000000000000000000000000000000000000000000FFFFFF000000000000000000000000000000000000000000000000000000000000000000000000000000FFFFFF000000000000000000000000000000000000FF
310
FFFF000000000000000000000000000000000000000000000000000000000000000000000000000000000000FFFFFF000000000000000000000000FFFFFF0000000000000000000000000000000000000000000000FF000000000000000000000000000000000000FFFFFF0000000000000000000000000000000000000000
310
00000000000000000000000000000000000000000000000000000000FFFFFFFFFF000000000000000000000000000000000000000000FF000000000000000000000000000000000000000000FFFFFF000000000000000000000000FFFFFF000000000000000000000000000000000000000000000000000000000000000000
310
000000000000000000FFFFFF000000000000000000000000000000000000FFFFFF000000000000000000000000000000000000000000000000000000000000000000000000000000FFFFFF00000000000000000000000000000000000000000000000000000000000000000000000000000000000000000000000000000000
310
00000000000000000000000000000000000000000000FF000000000000000000000000000000000000000000000000000000000000000000000000000000000000000000000000000000000000000000000000000000000000000000000000FFFFFF0000000000000000000000000000000000000000000000000000000000
310
00000000000000000000FFFFFF000000000000000000000000000000000000FFFFFF000000000000000000000000000000000000000000000000000000000000000000000000000000000000FFFFFF000000000000000000000000FFFFFF0000000000000000000000000000000000000000000000FF000000000000000000
310
000000000000000000FFFF000000000000000000000000000000000000000000000000000000000000000000000000000000000000000000000000FFFFFFFFFFFF000000FF0000FF0000000000000000FF0000FF0000FF0000000000FF0000FF0000FF0000FF0000FF0000FF0000FF0000FF0000FF0000FF0000FF0000FF00
310
00FF0000000000000000FF0000FF0000000000000000FF0000FF0000000000000000FF0000FF0000FF0000FF0000FF0000FF0000FF0000FF0000FF0000FF0000FF0000FF0000FF0000000000000000FF0000FF0000000000000000FF0000FF0000000000000000FF0000FF0000FF0000FF0000FF0000FF0000FF0000FF0000
310
FF0000FF0000FF0000FF0000FF0000000000000000FF0000FF0000000000000000FF0000FF0000000000000000FF0000FF0000FF0000FF0000FF0000FF0000FF0000FF0000FF0000FF0000FF0000FF0000FF0000000000000000FF0000FF0000000000000000FF0000FF0000000000000000FF0000FF0000FF0000FF0000FF
310
0000FF0000FF0000FF0000FF0000FF0000FF0000FF0000FF0000FF0000000000FF0000FF0000000000000000FF0000FF0000000000000000FF0000FF0000FF0000FF0000FF0000FF0000FF0000FF0000FF0000FF0000FF0000FF0000FF0000FF0000000000FF0000FF000000FFFFFF0000FF0000FF0000000000000000FF00
310
00FF0000000000FF0000FF0000FF0000FF0000FF0000FF0000FF0000FF0000FF0000FF0000FFFFFF000000FF0000FF000000000000000000000000000000000000000000000000000000000000000000000000000000000000000000FFFFFF0000000000000000000000000000000000000000000000FF0000000000000000
310
00000000000000000000000000FFFFFF000000000000000000000000FFFFFF000000000000000000000000000000000000000000000000000000000000000000000000000000000000FFFFFF000000000000000000000000000000000000FFFFFF000000000000000000000000000000000000000000000000000000000000
310
000000000000000000FFFFFF00000000000000000000000000000000000000000000000000000000000000000000000000000000000000000000000000000000000000000000000000000000000000000000000000000000000000000000000000000000000000000000000000000000000000000000000000000000000000
310
0000000000000000000000000000000000000000000000000000000000000000FFFFFF000000000000000000000000000000000000000000000000000000000000000000000000000000FFFFFF000000000000000000000000000000000000FFFFFF0000000000000000000000000000000000000000000000000000000000
310
00000000000000000000000000FFFFFF000000000000000000000000FFFFFF0000000000000000000000000000000000000000000000FF000000000000000000000000000000000000FFFF00000000000000000000000000000000000000000000000000000000000000000000000000000000000000000000000000FFFFFF
310
0000000000000000000000000000000000000000000000FF000000000000000000000000000000000000000000FFFFFF000000000000000000000000FFFFFF000000000000000000000000000000000000000000000000000000000000000000000000000000000000FFFFFF000000000000000000000000000000000000FF
310
FFFF000000000000000000000000000000000000000000000000000000000000000000000000000000FFFFFF0000000000000000000000000000000000000000000000000000000000000000000000000000000000000000000000000000000000000000000000000000000000000000000000000000000000000000000000
310
00000000000000000000000000000000000000000000000000000000000000000000000000000000000000000000000000000000000000000000000000000000FFFFFF000000000000000000000000000000000000000000000000000000000000000000000000000000FFFFFF000000000000000000000000000000000000
310
FFFFFF000000000000000000000000000000000000000000000000000000000000000000000000000000000000FFFFFF000000000000000000000000FFFFFF0000000000000000000000000000000000000000000000FF000000000000000000000000000000000000FFFFFF00000000000000000000000000000000000000
310
0000000000000000000000000000000000000000000000000000000000FFFFFF0000000000000000000000000000000000000000000000FF000000000000000000000000000000000000000000FFFFFF000000000000000000000000FFFFFF0000000000000000000000000000000000000000000000000000000000000000
310
00000000000000000000FFFFFF000000000000000000000000000000000000FFFFFF000000000000000000000000000000000000000000000000000000000000000000000000000000FFFFFF000000000000000000000000000000000000000000000000000000000000000000000000000000000000000000000000000000
310
0000000000000000000000000000000000000000000000FF000000000000000000000000000000000000000000000000000000000000000000000000000000000000000000000000000000000000000000000000000000000000000000000000FFFFFF00000000000000000000000000000000000000000000000000000000
310
0000000000000000000000FFFFFF000000000000000000000000000000000000FFFFFF000000000000000000000000000000000000000000000000000000000000000000000000000000000000FFFFFF000000000000000000000000FFFFFF0000000000000000000000000000000000000000000000FF0000000000000000
310
00000000000000000000FFFFFF000000000000000000000000000000000000000000000000000000000000000000000000000000000000000000000000FFFFFF0000000000000000000000000000000000000000000000FF000000000000000000000000000000000000000000FFFFFF000000000000000000000000FFFFFF
310
000000000000000000000000000000000000000000000000000000000000000000000000000000000000FFFFFF000000000000000000000000000000000000FFFFFF000000000000000000000000000000000000000000000000000000000000000000000000000000FFFFFF00000000000000000000000000000000000000
310
00000000000000000000000000000000000000000000000000000000000000000000000000000000000000000000000000000000000000FF0000000000000000000000000000000000000000000000000000000000000000000000000000000000000000000000000000000000000000000000000000000000000000000000
310
00FFFFFF000000000000000000000000000000000000000000000000000000000000000000000000000000FFFFFF000000000000000000000000000000000000FFFFFF000000000000000000000000000000000000000000000000000000000000000000000000000000000000FFFFFF000000000000000000000000FFFFFF
310
000000000000000000000000000000000000000000000000000000000000000000000000000000000000FFFFFF000000000000000000000000000000000000000000000000000000000000000000000000000000000000000000000000000000FFFFFFFFFFFFFFFFFFFFFFFFFFFFFFFFFFFFFFFFFFFFFFFFFFFFFFFFFFFFFF
310
FFFFFFFFFFFFFFFFFFFFFFFFFFFFFFFFFF000000000000000000000000FFFFFF000000000000000000000000000000000000000000000000000000000000000000000000000000000000FFFFFF000000000000000000000000000000000000FFFFFF0000000000000000000000000000000000000000000000000000000000
310
00000000000000000000FFFFFF000000000000000000000000000000000000000000000000000000000000000000000000000000000000000000000000000000000000000000000000000000000000000000000000000000000000000000000000000000000000000000000000000000000000000000000000000000000000
310
000000000000000000000000000000000000000000000000000000000000000000FFFFFF000000000000000000000000000000000000000000000000000000000000000000000000000000FFFFFF000000000000000000000000000000000000FFFFFF00000000000000000000000000000000000000000000000000000000
310
0000000000000000000000000000FFFFFF000000000000000000000000FFFFFFFFFFFFFFFFFFFFFFFFFFFFFFFFFFFFFFFFFFFFFFFF0000FFFFFFFFFFFFFFFFFFFFFFFFFFFFFFFFFFFFFF0000000000000000000000000000000000000000000000000000000000000000000000000000000000000000000000000000000000
310
00000000000000000000000000000000000000000000000000000000000000000000000000000000000000000000000000FFFFFFFFFFFFFFFFFFFFFFFFFFFFFF000000000000000000000000000000000000000000000000000000000000000000000000000000000000FFFFFF000000000000000000000000000000000000
310
FFFFFF000000000000000000000000000000000000000000000000000000000000000000000000000000FFFFFF0000000000000000000000000000000000000000000000000000000000000000000000000000000000000000000000000000000000000000000000000000000000000000000000000000FF00000000000000
310
0000000000000000000000000000000000000000000000000000000000000000000000000000000000000000000000000000000000000000000000000000000000FFFFFF000000000000000000000000000000000000000000000000000000000000000000000000000000FFFFFF0000000000000000000000000000000000
310
00FFFFFF000000000000000000000000000000000000000000000000000000000000000000000000000000000000FFFFFFFFFFFFFFFFFFFFFFFFFFFFFF000000000000000000000000000000000000000000000000000000000000000000000000000000000000000000000000000000000000000000000000000000000000
310
000000000000000000000000000000000000000000000000000000000000000000000000000000000000000000000000000000000000000000000000000000000000000000000000000000000000000000000000000000000000000000FFFFFFFFFFFFFFFFFFFFFFFFFFFFFFFFFFFFFFFFFFFFFFFFFFFFFFFFFFFFFFFFFFFF
310
FFFFFFFFFFFFFFFFFFFFFFFFFFFFFFFFFFFFFFFFFFFFFFFFFFFFFFFFFFFFFFFFFFFFFFFFFFFFFFFFFFFFFFFFFFFFFFFFFFFFFFFFFFFFFFFFFFFFFFFFFFFFFFFFFFFFFFFFFFFFFFFFFFFFFFFFFFFFFFFFFFFFFFFFFFFFFFFFFFFFFFFFFFFFFFFFFFFFFFFFFFFFFFFFFFFFFFFFFFFFFFFFFFFFFFFFFFFFFFFFFFFFFFFFFFFFFF
310
FFFFFFFFFFFFFFFFFFFFFFFFFFFFFFFFFFFFFFFFFFFF0000FFFFFFFFFFFFFFFFFFFFFFFFFFFFFFFFFFFFFFFFFFFFFFFFFFFFFFFFFFFFFFFFFFFFFFFFFFFFFFFFFFFFFFFFFFFFFFFFFFFFFFFFFFFFFFFFFFFFFFFFFFFFFFFFFFFFFFFFFFFFFFFFFFFFFFFFFFFFFFFFFFFFFFFFFFFFFFFFFFFFFFFFFFFFFFFFFFFFFFFFFFFFFF
310
FFFFFFFFFFFFFFFFFFFFFFFFFFFFFFFFFFFFFFFFFFFFFFFFFFFFFFFFFFFFFFFFFFFFFFFFFFFFFFFFFFFFFFFFFFFFFFFFFFFFFFFFFFFFFFFFFFFFFFFFFFFFFFFFFFFFFFFFFFFFFFFFFFFFFFFFFFFFFFFFFF00000000000000000000000000000000000000000000000000000000000000000000000000000000000000000000
310
00000000000000000000000000000000000000000000000000000000000000000000000000000000000000000000000000000000000000000000000000000000000000000000000000000000000000000000000000000000000000000000000000000000000000000000000000000000000000000000000000000000000000
310
00000000000000000000000000000000000000000000000000000000000000000000000000000000000000000000000000000000000000000000000000000000000000000000000000000000000000000000000000000000000000000000000000000000000000000000000000000000000000000000000000000000000000
310
00000000000000000000000000000000000000000000000000000000000000000000000000000000000000000000000000000000000000000000000000000000000000000000000000000000000000000000000000000000000000000000000000000000000000000000000000000000000000000000000000000000000000
310
00000000000000000000000000000000000000000000000000000000000000000000000000000000000000000000000000000000000000000000000000000000000000000000000000000000000000000000000000000000000000000000000000000000000000000000000000000000000000000000000000000000000000
310
00000000000000000000000000000000000000000000000000000000000000000000000000000000000000000000000000000000000000000000000000000000000000000000000000000000000000000000000000000000000000000000000000000000000000000000000000000000000000000000000000000000000000
310
00000000000000000000000000000000000000000000000000000000000000000000000000000000000000000000000000000000000000000000000000000000000000000000000000000000000000000000000000000000000000000000000000000000000000000000000000000000000000000000000000000000000000
310
00000000000000000000000000000000000000000000000000000000000000000000000000000000000000000000000000000000000000000000000000000000000000000000000000000000000000000000000000000000000000000000000000000000000000000000000000000000000000000000000000000000000000
310
00000000000000000000000000000000000000000000000000000000000000000000000000000000000000000000000000000000000000000000000000000000000000000000000000000000000000000000000000000000000000000000000000000000000000000000000000000000000000000000000000000000000000
310
00000000000000000000000000000000000000000000000000000000000000000000000000000000000000000000000000000000000000000000000000000000000000000000000000000000000000000000000000000000000000000000000000000000000000000000000000000000000000000000000000000000000000
310
00000000000000000000000000000000000000000000000000000000000000000000000000000000000000000000000000000000000000000000000000000000000000000000000000000000000000000000000000000000000000000000000000000000000000000000000000000000000000000000000000000000000000
310
00000000000000000000000000000000000000000000000000000000000000000000000000000000000000000000000000000000000000000000000000000000000000000000000000000000000000000000000000000000000000000000000000000000000000000000000000000000000000000000000000000000000000
310
00000000000000000000000000000000000000000000000000000000000000000000000000000000000000000000000000000000000000000000000000000000000000000000000000000000000000000000000000000000000000000000000000000000000000000000000000000000000000000000000000000000000000
310
00000000000000000000000000000000000000000000000000000000000000000000000000000000000000000000000000000000000000000000000000000000000000000000000000000000000000000000000000000000000000000000000000000000000000000000000000000000000000000000000000000000000000
310
00000000000000000000000000000000000000000000000000000000000000000000000000000000000000000000000000000000000000000000000000000000000000000000000000000000000000000000000000000000000000000000000000000000000000000000000000000000000000000000000000000000000000
310
00000000000000000000000000000000000000000000000000000000000000000000000000000000000000000000000000000000000000000000000000000000000000000000000000000000000000000000000000000000000000000000000000000000000000000000000000000000000000000000000000000000000000
310
00000000000000000000000000000000000000000000000000000000000000000000000000000000000000000000000000000000000000000000000000000000000000000000000000000000000000000000000000000000000000000000000000000000000000000000000000000000000000000000000000000000000000
310
00000000000000000000000000000000000000000000000000000000000000000000000000000000000000000000000000000000000000000000000000000000000000000000000000000000000000000000000000000000000000000000000000000000000000000000000000000000000000000000000000000000000000
310
00000000000000000000000000000000000000000000000000000000000000000000000000000000000000000000000000000000000000000000000000000000000000000000000000000000000000000000000000000000000000000000000000000000000000000000000000000000000000000000000000000000000000
310
00000000000000000000000000000000000000000000000000000000000000000000000000000000000000000000000000000000000000000000000000000000000000000000000000000000000000000000000000000000000000000000000000000000000000000000000000000000000000000000000000000000000000
310
00000000000000000000000000000000000000000000000000000000000000000000000000000000000000000000000000000000000000000000000000000000000000000000000000000000000000000000000000000000000000000000000000000000000000000000000000000000000000000000000000000000000000
310
00000000000000000000000000000000000000000000000000000000000000000000000000000000000000000000000000000000000000000000000000000000000000000000000000000000000000000000000000000000000000000000000000000000000000000000000000000000000000000000000000000000000000
310
00000000000000000000000000000000000000000000000000000000000000000000000000000000000000000000000000000000000000000000000000000000000000000000000000000000000000000000000000000000000000000000000000000000000000000000000000000000000000000000000000000000000000
310
00000000000000000000000000000000000000000000000000000000000000000000000000000000000000000000000000000000000000000000000000000000000000000000000000000000000000000000000000000000000000000000000000000000000000000000000000000000000000000000000000000000000000
310
00000000000000000000000000000000000000000000000000000000000000000000000000000000000000000000000000000000000000000000000000000000000000000000000000000000000000000000000000000000000000000000000000000000000000000000000000000000000000000000000000000000000000
310
00000000000000000000000000000000000000000000000000000000000000000000000000000000000000000000000000000000000000000000000000000000000000000000000000000000000000000000000000000000000000000000000000000000000000000000000000000000000000000000000000000000000000
310
00000000000000000000000000000000000000000000000000000000000000000000000000000000000000000000000000000000000000000000000000000000000000000000000000000000000000000000000000000000000000000000000000000000000000000000000000000000000000000000000000000000000000
310
00000000000000000000000000000000000000000000000000000000000000000000000000000000000000000000000000000000000000000000000000000000000000000000000000000000000000000000000000000000000000000000000000000000000000000000000000000000000000000000000000000000000000
310
00000000000000000000000000000000000000000000000000000000000000000000000000000000000000000000000000000000000000000000000000000000000000000000000000000000000000000000000000000000000000000000000000000000000000000000000000000000000000000000000000000000000000
310
00000000000000000000000000000000000000000000000000000000000000000000000000000000000000000000000000000000000000000000000000000000000000000000000000000000000000000000000000000000000000000000000000000000000000000000000000000000000000000000000000000000000000
310
00000000000000000000000000000000000000000000000000000000000000000000000000000000000000000000000000000000000000000000000000000000000000000000000000000000000000000000000000000000000000000000000000000000000000000000000000000000000000000000000000000000000000
310
00000000000000000000000000000000000000000000000000000000000000000000000000000000000000000000000000000000000000000000000000000000000000000000000000000000000000000000000000000000000000000000000000000000000000000000000000000000000000000000000000000000000000
310
00000000000000000000000000000000000000000000000000000000000000000000000000000000000000000000000000000000000000000000000000000000000000000000000000000000000000000000000000000000000000000000000000000000000000000000000000000000000000000000000000000000000000
310
00000000000000000000000000000000000000000000000000000000000000000000000000000000000000000000000000000000000000000000000000000000000000000000000000000000000000000000000000000000000000000000000000000000000000000000000000000000000000000000000000000000000000
310
00000000000000000000000000000000000000000000000000000000000000000000000000000000000000000000000000000000000000000000000000000000000000000000000000000000000000000000000000000000000000000000000000000000000000000000000000000000000000000000000000000000000000
310
00000000000000000000000000000000000000000000000000000000000000000000000000000000000000000000000000000000000000000000000000000000000000000000000000000000000000000000000000000000000000000000000000000000000000000000000000000000000000000000000000000000000000
310
00000000000000000000000000000000000000000000000000000000000000000000000000000000000000000000000000000000000000000000000000000000000000000000000000000000000000000000000000000000000000000000000000000000000000000000000000000000000000000000000000000000000000
310
00000000000000000000000000000000000000000000000000000000000000000000000000000000000000000000000000000000000000000000000000000000000000000000000000000000000000000000000000000000000000000000000000000000000000000000000000000000000000000000000000000000000000
310
00000000000000000000000000000000000000000000000000000000000000000000000000000000000000000000000000000000000000000000000000000000000000000000000000000000000000000000000000000000000000000000000000000000000000000000000000000000000000000000000000000000000000
310
00000000000000000000000000000000000000000000000000000000000000000000000000000000000000000000000000000000000000000000000000000000000000000000000000000000000000000000000000000000000000000000000000000000000000000000000000000000000000000000000000000000000000
310
00000000000000000000000000000000000000000000000000000000000000000000000000000000000000000000000000000000000000000000000000000000000000000000000000000000000000000000000000000000000000000000000000000000000000000000000000000000000000000000000000000000000000
310
00000000000000000000000000000000000000000000000000000000000000000000000000000000000000000000000000000000000000000000000000000000000000000000000000000000000000000000000000000000000000000000000000000000000000000000000000000000000000000000000000000000000000
310
00000000000000000000000000000000000000000000000000000000000000000000000000000000000000000000000000000000000000000000000000000000000000000000000000000000000000000000000000000000000000000000000000000000000000000000000000000000000000000000000000000000000000
310
00000000000000000000000000000000000000000000000000000000000000000000000000000000000000000000000000000000000000000000000000000000000000000000000000000000000000000000000000000000000000000000000000000000000000000000000000000000000000000000000000000000000000
310
00000000000000000000000000000000000000000000000000000000000000000000000000000000000000000000000000000000000000000000000000000000000000000000000000000000000000000000000000000000000000000000000000000000000000000000000000000000000000000000000000000000000000
310
00000000000000000000000000000000000000000000000000000000000000000000000000000000000000000000000000000000000000000000000000000000000000000000000000000000000000000000000000000000000000000000000000000000000000000000000000000000000000000000000000000000000000
310
00000000000000000000000000000000000000000000000000000000000000000000000000000000000000000000000000000000000000000000000000000000000000000000000000000000000000000000000000000000000000000000000000000000000000000000000000000000000000000000000000000000000000
310
00000000000000000000000000000000000000000000000000000000000000000000000000000000000000000000000000000000000000000000000000000000000000000000000000000000000000000000000000000000000000000000000000000000000000000000000000000000000000000000000000000000000000
310
00000000000000000000000000000000000000000000000000000000000000000000000000000000000000000000000000000000000000000000000000000000000000000000000000000000000000000000000000000000000000000000000000000000000000000000000000000000000000000000000000000000000000
310
00000000000000000000000000000000000000000000000000000000000000000000000000000000000000000000000000000000000000000000000000000000000000000000000000000000000000000000000000000000000000000000000000000000000000000000000000000000000000000000000000000000000000
310
00000000000000000000000000000000000000000000000000000000000000000000000000000000000000000000000000000000000000000000000000000000000000000000000000000000000000000000000000000000000000000000000000000000000000000000000000000000000000000000000000000000000000
310
00000000000000000000000000000000000000000000000000000000000000000000000000000000000000000000000000000000000000000000000000000000000000000000000000000000000000000000000000000000000000000000000000000000000000000000000000000000000000000000000000000000000000
310
00000000000000000000000000000000000000000000000000000000000000000000000000000000000000000000000000000000000000000000000000000000000000000000000000000000000000000000000000000000000000000000000000000000000000000000000000000000000000000000000000000000000000
310
00000000000000000000000000000000000000000000000000000000000000000000000000000000000000000000000000000000000000000000000000000000000000000000000000000000000000000000000000000000000000000000000000000000000000000000000000000000000000000000000000000000000000
310
00000000000000000000000000000000000000000000000000000000000000000000000000000000000000000000000000000000000000000000000000000000000000000000000000000000000000000000000000000000000000000000000000000000000000000000000000000000000000000000000000000000000000
310
00000000000000000000000000000000000000000000000000000000000000000000000000000000000000000000000000000000000000000000000000000000000000000000000000000000000000000000000000000000000000000000000000000000000000000000000000000000000000000000000000000000000000
310
00000000000000000000000000000000000000000000000000000000000000000000000000000000000000000000000000000000000000000000000000000000000000000000000000000000000000000000000000000000000000000000000000000000000000000000000000000000000000000000000000000000000000
310
00000000000000000000000000000000000000000000000000000000000000000000000000000000000000000000000000000000000000000000000000000000000000000000000000000000000000000000000000000000000000000000000000000000000000000000000000000000000000000000000000000000000000
310
00000000000000000000000000000000000000000000000000000000000000000000000000000000000000000000000000000000000000000000000000000000000000000000000000000000000000000000000000000000000000000000000000000000000000000000000000000000000000000000000000000000000000
310
00000000000000000000000000000000000000000000000000000000000000000000000000000000000000000000000000000000000000000000000000000000000000000000000000000000000000000000000000000000000000000000000000000000000000000000000000000000000000000000000000000000000000
310
00000000000000000000000000000000000000000000000000000000000000000000000000000000000000000000000000000000000000000000000000000000000000000000000000000000000000000000000000000000000000000000000000000000000000000000000000000000000000000000000000000000000000
310
00000000000000000000000000000000000000000000000000000000000000000000000000000000000000000000000000000000000000000000000000000000000000000000000000000000000000000000000000000000000000000000000000000000000000000000000000000000000000000000000000000000000000
310
00000000000000000000000000000000000000000000000000000000000000000000000000000000000000000000000000000000000000000000000000000000000000000000000000000000000000000000000000000000000000000000000000000000000000000000000000000000000000000000000000000000000000
310
00000000000000000000000000000000000000000000000000000000000000000000000000000000000000000000000000000000000000000000000000000000000000000000000000000000000000000000000000000000000000000000000000000000000000000000000000000000000000000000000000000000000000
310
00000000000000000000000000000000000000000000000000000000000000000000000000000000000000000000000000000000000000000000000000000000000000000000000000000000000000000000000000000000000000000000000000000000000000000000000000000000000000000000000000000000000000
310
00000000000000000000000000000000000000000000000000000000000000000000000000000000000000000000000000000000000000000000000000000000000000000000000000000000000000000000000000000000000000000000000000000000000000000000000000000000000000000000000000000000000000
310
00000000000000000000000000000000000000000000000000000000000000000000000000000000000000000000000000000000000000000000000000000000000000000000000000000000000000000000000000000000000000000000000000000000000000000000000000000000000000000000000000000000000000
310
00000000000000000000000000000000000000000000000000000000000000000000000000000000000000000000000000000000000000000000000000000000000000000000000000000000000000000000000000000000000000000000000000000000000000000000000000000000000000000000000000000000000000
310
00000000000000000000000000000000000000000000000000000000000000000000000000000000000000000000000000000000000000000000000000000000000000000000000000000000000000000000000000000000000000000000000000000000000000000000000000000000000000000000000000000000000000
310
00000000000000000000000000000000000000000000000000000000000000000000000000000000000000000000000000000000000000000000000000000000000000000000000000000000000000000000000000000000000000000000000000000000000000000000000000000000000000000000000000000000000000
310
00000000000000000000000000000000000000000000000000000000000000000000000000000000000000000000000000000000000000000000000000000000000000000000000000000000000000000000000000000000000000000000000000000000000000000000000000000000000000000000000000000000000000
310
00000000000000000000000000000000000000000000000000000000000000000000000000000000000000000000000000000000000000000000000000000000000000000000000000000000000000000000000000000000000000000000000000000000000000000000000000000000000000000000000000000000000000
310
00000000000000000000000000000000000000000000000000000000000000000000000000000000000000000000000000000000000000000000000000000000000000000000000000000000000000000000000000000000000000000000000000000000000000000000000000000000000000000000000000000000000000
310
00000000000000000000000000000000000000000000000000000000000000000000000000000000000000000000000000000000000000000000000000000000000000000000000000000000000000000000000000000000000000000000000000000000000000000000000000000000000000000000000000000000000000
310
00000000000000000000000000000000000000000000000000000000000000000000000000000000000000000000000000000000000000000000000000000000000000000000000000000000000000000000000000000000000000000000000000000000000000000000000000000000000000000000000000000000000000
310
00000000000000000000000000000000000000000000000000000000000000000000000000000000000000000000000000000000000000000000000000000000000000000000000000000000000000000000000000000000000000000000000000000000000000000000000000000000000000000000000000000000000000
310
00000000000000000000000000000000000000000000000000000000000000000000000000000000000000000000000000000000000000000000000000000000000000000000000000000000000000000000000000000000000000000000000000000000000000000000000000000000000000000000000000000000000000
310
00000000000000000000000000000000000000000000000000000000000000000000000000000000000000000000000000000000000000000000000000000000000000000000000000000000000000000000000000000000000000000000000000000000000000000000000000000000000000000000000000000000000000
310
00000000000000000000000000000000000000000000000000000000000000000000000000000000000000000000000000000000000000000000000000000000000000000000000000000000000000000000000000000000000000000000000000000000000000000000000000000000000000000000000000000000000000
310
00000000000000000000000000000000000000000000000000000000000000000000000000000000000000000000000000000000000000000000000000000000000000000000000000000000000000000000000000000000000000000000000000000000000000000000000000000000000000000000000000000000000000
310
00000000000000000000000000000000000000000000000000000000000000000000000000000000000000000000000000000000000000000000000000000000000000000000000000000000000000000000000000000000000000000000000000000000000000000000000000000000000000000000000000000000000000
310
00000000000000000000000000000000000000000000000000000000000000000000000000000000000000000000000000000000000000000000000000000000000000000000000000000000000000000000000000000000000000000000000000000000000000000000000000000000000000000000000000000000000000
310
00000000000000000000000000000000000000000000000000000000000000000000000000000000000000000000000000000000000000000000000000000000000000000000000000000000000000000000000000000000000000000000000000000000000000000000000000000000000000000000000000000000000000
310
00000000000000000000000000000000000000000000000000000000000000000000000000000000000000000000000000000000000000000000000000000000000000000000000000000000000000000000000000000000000000000000000000000000000000000000000000000000000000000000000000000000000000
310
00000000000000000000000000000000000000000000000000000000000000000000000000000000000000000000000000000000000000000000000000000000000000000000000000000000000000000000000000000000000000000000000000000000000000000000000000000000000000000000000000000000000000
310
00000000000000000000000000000000000000000000000000000000000000000000000000000000000000000000000000000000000000000000000000000000000000000000000000000000000000000000000000000000000000000000000000000000000000000000000000000000000000000000000000000000000000
310
00000000000000000000000000000000000000000000000000000000000000000000000000000000000000000000000000000000000000000000000000000000000000000000000000000000000000000000000000000000000000000000000000000000000000000000000000000000000000000000000000000000000000
310
00000000000000000000000000000000000000000000000000000000000000000000000000000000000000000000000000000000000000000000000000000000000000000000000000000000000000000000000000000000000000000000000000000000000000000000000000000000000000000000000000000000000000
310
00000000000000000000000000000000000000000000000000000000000000000000000000000000000000000000000000000000000000000000000000000000000000000000000000000000000000000000000000000000000000000000000000000000000000000000000000000000000000000000000000000000000000
310
00000000000000000000000000000000000000000000000000000000000000000000000000000000000000000000000000000000000000000000000000000000000000000000000000000000000000000000000000000000000000000000000000000000000000000000000000000000000000000000000000000000000000
310
00000000000000000000000000000000000000000000000000000000000000000000000000000000000000000000000000000000000000000000000000000000000000000000000000000000000000000000000000000000000000000000000000000000000000000000000000000000000000000000000000000000000000
310
00000000000000000000000000000000000000000000000000000000000000000000000000000000000000000000000000000000000000000000000000000000000000000000000000000000000000000000000000000000000000000000000000000000000000000000000000000000000000000000000000000000000000
310
00000000000000000000000000000000000000000000000000000000000000000000000000000000000000000000000000000000000000000000000000000000000000000000000000000000000000000000000000000000000000000000000000000000000000000000000000000000000000000000000000000000000000
310
00000000000000000000000000000000000000000000000000000000000000000000000000000000000000000000000000000000000000000000000000000000000000000000000000000000000000000000000000000000000000000000000000000000000000000000000000000000000000000000000000000000000000
310
00000000000000000000000000000000000000000000000000000000000000000000000000000000000000000000000000000000000000000000000000000000000000000000000000000000000000000000000000000000000000000000000000000000000000000000000000000000000000000000000000000000000000
310
00000000000000000000000000000000000000000000000000000000000000000000000000000000000000000000000000000000000000000000000000000000000000000000000000000000000000000000000000000000000000000000000000000000000000000000000000000000000000000000000000000000000000
310
00000000000000000000000000000000000000000000000000000000000000000000000000000000000000000000000000000000000000000000000000000000000000000000000000000000000000000000000000000000000000000000000000000000000000000000000000000000000000000000000000000000000000
310
00000000000000000000000000000000000000000000000000000000000000000000000000000000000000000000000000000000000000000000000000000000000000000000000000000000000000000000000000000000000000000000000000000000000000000000000000000000000000000000000000000000000000
310
00000000000000000000000000000000000000000000000000000000000000000000000000000000000000000000000000000000000000000000000000000000000000000000000000000000000000000000000000000000000000000000000000000000000000000000000000000000000000000000000000000000000000
310
00000000000000000000000000000000000000000000000000000000000000000000000000000000000000000000000000000000000000000000000000000000000000000000000000000000000000000000000000000000000000000000000000000000000000000000000000000000000000000000000000000000000000
310
00000000000000000000000000000000000000000000000000000000000000000000000000000000000000000000000000000000000000000000000000000000000000000000000000000000000000000000000000000000000000000000000000000000000000000000000000000000000000000000000000000000000000
310
00000000000000000000000000000000000000000000000000000000000000000000000000000000000000000000000000000000000000000000000000000000000000000000000000000000000000000000000000000000000000000000000000000000000000000000000000000000000000000000000000000000000000
310
00000000000000000000000000000000000000000000000000000000000000000000000000000000000000000000000000000000000000000000000000000000000000000000000000000000000000000000000000000000000000000000000000000000000000000000000000000000000000000000000000000000000000
310
00000000000000000000000000000000000000000000000000000000000000000000000000000000000000000000000000000000000000000000000000000000000000000000000000000000000000000000000000000000000000000000000000000000000000000000000000000000000000000000000000000000000000
310
00000000000000000000000000000000000000000000000000000000000000000000000000000000000000000000000000000000000000000000000000000000000000000000000000000000000000000000000000000000000000000000000000000000000000000000000000000000000000000000000000000000000000
310
00000000000000000000000000000000000000000000000000000000000000000000000000000000000000000000000000000000000000000000000000000000000000000000000000000000000000000000000000000000000000000000000000000000000000000000000000000000000000000000000000000000000000
310
00000000000000000000000000000000000000000000000000000000000000000000000000000000000000000000000000000000000000000000000000000000000000000000000000000000000000000000000000000000000000000000000000000000000000000000000000000000000000000000000000000000000000
310
00000000000000000000000000000000000000000000000000000000000000000000000000000000000000000000000000000000000000000000000000000000000000000000000000000000000000000000000000000000000000000000000000000000000000000000000000000000000000000000000000000000000000
310
00000000000000000000000000000000000000000000000000000000000000000000000000000000000000000000000000000000000000000000000000000000000000000000000000000000000000000000000000000000000000000000000000000000000000000000000000000000000000000000000000000000000000
310
00000000000000000000000000000000000000000000000000000000000000000000000000000000000000000000000000000000000000000000000000000000000000000000000000000000000000000000000000000000000000000000000000000000000000000000000000000000000000000000000000000000000000
310
00000000000000000000000000000000000000000000000000000000000000000000000000000000000000000000000000000000000000000000000000000000000000000000000000000000000000000000000000000000000000000000000000000000000000000000000000000000000000000000000000000000000000
310
000000000000000000000000000000000000000000000000000000000000000000000000000000000000000000000000000000000000000000000000000000000000000000000000000000000000000000000000000000000000000000
  0
ENDSEC
  0
EOF
